"DBMS","TABLE_CATALOG","TABLE_SCHEMA","TABLE_NAME","COLUMN_NAME","ORDINAL_POSITION","DATA_TYPE","CHARACTER_MAXIMUM_LENGTH","CONSTRAINT_TYPE","k2.table_schema","k2.table_name","k2.column_name"
postgresql,BLACKBOARD_DATA_86CEF0C8178349C987653162F485EE67,CDM_LMS,EVALUATION,NAME,8,TEXT,16777216,,,,
postgresql,BLACKBOARD_DATA_86CEF0C8178349C987653162F485EE67,CDM_LMS,PERSON,CREATED_TIME,23,TIMESTAMP_LTZ,,,,,
postgresql,BLACKBOARD_DATA_86CEF0C8178349C987653162F485EE67,CDM_LMS,COURSE_ITEM,ROW_UPDATED_TIME,17,TIMESTAMP_LTZ,,,,,
postgresql,BLACKBOARD_DATA_86CEF0C8178349C987653162F485EE67,CDM_LMS,INSTITUTION_HIERARCHY_COURSE,INSTITUTION_HIERARCHY_ID,4,NUMBER,,,,,
postgresql,BLACKBOARD_DATA_86CEF0C8178349C987653162F485EE67,CDM_LMS,TOOL,DESIGN_MODE_SOURCE_DESC,10,TEXT,16777216,,,,
postgresql,BLACKBOARD_DATA_86CEF0C8178349C987653162F485EE67,CDM_LMS,TRANSLATION,BUNDLE_NAME,5,TEXT,16777216,,,,
postgresql,BLACKBOARD_DATA_86CEF0C8178349C987653162F485EE67,CDM_LMS,ATTEMPT,INSTRUCTOR_COMMENTS,11,TEXT,16777216,,,,
postgresql,BLACKBOARD_DATA_86CEF0C8178349C987653162F485EE67,CDM_LMS,GRADEBOOK,FINAL_GRADE_IND,18,BOOLEAN,,,,,
postgresql,BLACKBOARD_DATA_86CEF0C8178349C987653162F485EE67,CDM_LMS,COURSE,AVAILABLE_IND,17,BOOLEAN,,,,,
postgresql,BLACKBOARD_DATA_86CEF0C8178349C987653162F485EE67,CDM_LMS,PERSON,BIRTH_DATE,8,DATE,,,,,
postgresql,BLACKBOARD_DATA_86CEF0C8178349C987653162F485EE67,CDM_MAP,COURSE,ROW_UPDATED_TIME,8,TIMESTAMP_LTZ,,,,,
postgresql,BLACKBOARD_DATA_86CEF0C8178349C987653162F485EE67,CDM_META,CANON_CONFIG,DESCRIPTION,3,TEXT,16777216,,,,
postgresql,BLACKBOARD_DATA_86CEF0C8178349C987653162F485EE67,CDM_LMS,COURSE_CONTENT_ITEMS_GROUP,INSTANCE_ID,2,NUMBER,,,,,
postgresql,BLACKBOARD_DATA_86CEF0C8178349C987653162F485EE67,CDM_MAP,COURSE,STAGE,6,OBJECT,,,,,
postgresql,BLACKBOARD_DATA_86CEF0C8178349C987653162F485EE67,CDM_META,CANON_DEFINITION,CANON_CODE,3,TEXT,16777216,,,,
postgresql,BLACKBOARD_DATA_86CEF0C8178349C987653162F485EE67,CDM_LMS,PERSON,JOB_TITLE,25,TEXT,16777216,,,,
postgresql,BLACKBOARD_DATA_86CEF0C8178349C987653162F485EE67,CDM_LMS,GOAL_COURSE_ITEM,COURSE_ITEM_ID,3,NUMBER,,,,,
postgresql,BLACKBOARD_DATA_86CEF0C8178349C987653162F485EE67,CDM_MAP,INSTANCE,CLB_INSTANCE_ID,5,NUMBER,,,,,
postgresql,BLACKBOARD_DATA_86CEF0C8178349C987653162F485EE67,CDM_LMS,COURSE_ITEM_ACTIVITY,INSTANCE_ID,2,NUMBER,,,,,
postgresql,BLACKBOARD_DATA_86CEF0C8178349C987653162F485EE67,CDM_LMS,GRADE,GRADED_TIME,22,TIMESTAMP_LTZ,,,,,
postgresql,BLACKBOARD_DATA_86CEF0C8178349C987653162F485EE67,CDM_LMS,GOAL,ID,1,NUMBER,,,,,
postgresql,BLACKBOARD_DATA_86CEF0C8178349C987653162F485EE67,CDM_LMS,EVALUABLE_COURSE_ITEM,STAGE,7,OBJECT,,,,,
postgresql,BLACKBOARD_DATA_86CEF0C8178349C987653162F485EE67,CDM_LMS,GRADE,MODIFIER_PERSON_ID,30,NUMBER,,,,,
postgresql,BLACKBOARD_DATA_86CEF0C8178349C987653162F485EE67,CDM_LMS,COURSE_TOOL,ROW_DELETED_TIME,12,TIMESTAMP_LTZ,,,,,
postgresql,BLACKBOARD_DATA_86CEF0C8178349C987653162F485EE67,CDM_LMS,ATTEMPT,FIRST_GRADED_DATE,26,TIMESTAMP_LTZ,,,,,
postgresql,BLACKBOARD_DATA_86CEF0C8178349C987653162F485EE67,CDM_LMS,SESSION_ACTIVITY,LAST_ACCESSED_TIME,14,TIMESTAMP_LTZ,,,,,
postgresql,BLACKBOARD_DATA_86CEF0C8178349C987653162F485EE67,CDM_LMS,TOOL,ID,1,NUMBER,,,,,
postgresql,BLACKBOARD_DATA_86CEF0C8178349C987653162F485EE67,CDM_LMS,COURSE,ENROLLMENT_METHOD_SOURCE_CODE,15,TEXT,16777216,,,,
postgresql,BLACKBOARD_DATA_86CEF0C8178349C987653162F485EE67,CDM_LMS,COURSE_TOOL,INSTANCE_ID,2,NUMBER,,,,,
postgresql,BLACKBOARD_DATA_86CEF0C8178349C987653162F485EE67,CDM_LMS,TRANSLATION,COURSE_ENABLED_IND,9,BOOLEAN,,,,,
postgresql,BLACKBOARD_DATA_86CEF0C8178349C987653162F485EE67,CDM_LMS,GOAL,TYPE,8,TEXT,16777216,,,,
postgresql,BLACKBOARD_DATA_86CEF0C8178349C987653162F485EE67,CDM_LMS,GOAL,INSTANCE_ID,2,NUMBER,,,,,
postgresql,BLACKBOARD_DATA_86CEF0C8178349C987653162F485EE67,CDM_MAP,PERSON,GLOBAL_PERSON_ID,2,NUMBER,,,,,
postgresql,BLACKBOARD_DATA_86CEF0C8178349C987653162F485EE67,CDM_LMS,COURSE_GROUP,CREATED_TIME,9,TIMESTAMP_LTZ,,,,,
postgresql,BLACKBOARD_DATA_86CEF0C8178349C987653162F485EE67,CDM_MAP,INSTANCE,CLB_INSTANCE_SOURCE_ID,6,TEXT,16777216,,,,
postgresql,BLACKBOARD_DATA_86CEF0C8178349C987653162F485EE67,CDM_LMS,COURSE_ACTIVITY,COURSE_SOURCE_ID,7,TEXT,16777216,,,,
postgresql,BLACKBOARD_DATA_86CEF0C8178349C987653162F485EE67,CDM_LMS,PERSON_COURSE,STAGE,11,OBJECT,,,,,
postgresql,BLACKBOARD_DATA_86CEF0C8178349C987653162F485EE67,CDM_LMS,ACTIVITY,COURSE_SOURCE_ID,7,TEXT,16777216,,,,
postgresql,BLACKBOARD_DATA_86CEF0C8178349C987653162F485EE67,CDM_LMS,INSTITUTION_HIERARCHY_PERMISSION,SOURCE_ID,2,TEXT,16777216,,,,
postgresql,BLACKBOARD_DATA_86CEF0C8178349C987653162F485EE67,CDM_META,CANON_CODE,SOURCE_CODE,4,TEXT,16777216,,,,
postgresql,BLACKBOARD_DATA_86CEF0C8178349C987653162F485EE67,CDM_LMS,PERSON_COURSE,DUE_DATE_EXCEPTION,18,NUMBER,,,,,
postgresql,BLACKBOARD_DATA_86CEF0C8178349C987653162F485EE67,CDM_LMS,COURSE_CONTENT_ITEMS_REVIEWED,REVIEWED_STATE,9,TEXT,16777216,,,,
postgresql,BLACKBOARD_DATA_86CEF0C8178349C987653162F485EE67,CDM_LMS,COURSE_CONTENT_ITEMS_GROUP,ID,1,NUMBER,,,,,
postgresql,BLACKBOARD_DATA_86CEF0C8178349C987653162F485EE67,CDM_LMS,GRADEBOOK,SOURCE_ID,5,TEXT,16777216,,,,
postgresql,BLACKBOARD_DATA_86CEF0C8178349C987653162F485EE67,CDM_LMS,EVALUABLE_ITEM,DELETED_IND,10,BOOLEAN,,,,,
postgresql,BLACKBOARD_DATA_86CEF0C8178349C987653162F485EE67,CDM_LMS,COURSE_TOOL_ACTIVITY,SESSION_ACTIVITY_ID,7,NUMBER,,,,,
postgresql,BLACKBOARD_DATA_86CEF0C8178349C987653162F485EE67,CDM_LMS,SUBMISSION,ROW_UPDATED_TIME,15,TIMESTAMP_LTZ,,,,,
postgresql,BLACKBOARD_DATA_86CEF0C8178349C987653162F485EE67,CDM_LMS,INSTITUTION_HIERARCHY_PERMISSION,INSTITUTIONAL_HIERARCHY_LEVEL_2,5,TEXT,16777216,,,,
postgresql,BLACKBOARD_DATA_86CEF0C8178349C987653162F485EE67,CDM_LMS,INSTITUTION_HIERARCHY,INSTANCE_ID,2,NUMBER,,,,,
postgresql,BLACKBOARD_DATA_86CEF0C8178349C987653162F485EE67,CDM_LMS,COURSE_GROUP,ROW_UPDATED_TIME,13,TIMESTAMP_LTZ,,,,,
postgresql,BLACKBOARD_DATA_86CEF0C8178349C987653162F485EE67,CDM_LMS,EVALUATION,EVALUATION_PARENT_ID,6,NUMBER,,,,,
postgresql,BLACKBOARD_DATA_86CEF0C8178349C987653162F485EE67,CDM_LMS,SESSION_ACTIVITY,ROW_DELETED_TIME,12,TIMESTAMP_LTZ,,,,,
postgresql,BLACKBOARD_DATA_86CEF0C8178349C987653162F485EE67,CDM_LMS,COURSE_CONTENT_ITEMS_GROUP,POSITION,8,NUMBER,,,,,
postgresql,BLACKBOARD_DATA_86CEF0C8178349C987653162F485EE67,CDM_LMS,ACTIVITY,ROW_DELETED_TIME,18,TIMESTAMP_LTZ,,,,,
postgresql,BLACKBOARD_DATA_86CEF0C8178349C987653162F485EE67,CDM_LMS,COURSE,COURSE_NUMBER,10,TEXT,16777216,,,,
postgresql,BLACKBOARD_DATA_86CEF0C8178349C987653162F485EE67,CDM_LMS,COURSE_CONTENT_ITEMS_REVIEWED,ROW_DELETED_TIME,14,TIMESTAMP_LTZ,,,,,
postgresql,BLACKBOARD_DATA_86CEF0C8178349C987653162F485EE67,CDM_MAP,INSTANCE,SOURCE_ID,2,TEXT,16777216,,,,
postgresql,BLACKBOARD_DATA_86CEF0C8178349C987653162F485EE67,CDM_LMS,COURSE,INSTANCE_ID,2,NUMBER,,,,,
postgresql,BLACKBOARD_DATA_86CEF0C8178349C987653162F485EE67,CDM_LMS,COURSE_ITEM,COURSE_TOOL_ID,4,NUMBER,,,,,
postgresql,BLACKBOARD_DATA_86CEF0C8178349C987653162F485EE67,CDM_LMS,COURSE,ID,1,NUMBER,,,,,
postgresql,BLACKBOARD_DATA_86CEF0C8178349C987653162F485EE67,CDM_LMS,EVALUABLE_ITEM,CHILD_CNT,11,NUMBER,,,,,
postgresql,BLACKBOARD_DATA_86CEF0C8178349C987653162F485EE67,CDM_LMS,EVALUATION,ID,1,NUMBER,,,,,
postgresql,BLACKBOARD_DATA_86CEF0C8178349C987653162F485EE67,CDM_MAP,COURSE_ROOM,ROW_INSERTED_TIME,7,TIMESTAMP_LTZ,,,,,
postgresql,BLACKBOARD_DATA_86CEF0C8178349C987653162F485EE67,CDM_LMS,TRANSLATION,SOURCE_ID,3,TEXT,16777216,,,,
postgresql,BLACKBOARD_DATA_86CEF0C8178349C987653162F485EE67,CDM_LMS,ACTIVITY,LAST_ACCESSED_TIME,20,TIMESTAMP_LTZ,,,,,
postgresql,BLACKBOARD_DATA_86CEF0C8178349C987653162F485EE67,CDM_LMS,COURSE_ITEM,COURSE_ID,3,NUMBER,,,,,
postgresql,BLACKBOARD_DATA_86CEF0C8178349C987653162F485EE67,CDM_LMS,INSTITUTION_HIERARCHY,ROW_UPDATED_TIME,11,TIMESTAMP_LTZ,,,,,
postgresql,BLACKBOARD_DATA_86CEF0C8178349C987653162F485EE67,CDM_META,CANON_DEFINITION,NAME,2,TEXT,16777216,,,,
postgresql,BLACKBOARD_DATA_86CEF0C8178349C987653162F485EE67,CDM_LMS,ACTIVITY,FIRST_ACCESSED_TIME,19,TIMESTAMP_LTZ,,,,,
postgresql,BLACKBOARD_DATA_86CEF0C8178349C987653162F485EE67,CDM_LMS,EVALUABLE_ITEM,COURSE_ITEM_ID,4,NUMBER,,,,,
postgresql,BLACKBOARD_DATA_86CEF0C8178349C987653162F485EE67,CDM_LMS,PERSON,MODIFIED_TIME,24,TIMESTAMP_LTZ,,,,,
postgresql,BLACKBOARD_DATA_86CEF0C8178349C987653162F485EE67,CDM_LMS,EVALUATION,EVALUABLE_COURSE_ITEM_ID,4,NUMBER,,,,,
postgresql,BLACKBOARD_DATA_86CEF0C8178349C987653162F485EE67,CDM_LMS,COURSE,AVAILABLE_TO_STUDENTS_IND,18,BOOLEAN,,,,,
postgresql,BLACKBOARD_DATA_86CEF0C8178349C987653162F485EE67,CDM_LMS,GRADEBOOK,ALLOWED_ATTEMPTS_CNT,9,NUMBER,,,,,
postgresql,BLACKBOARD_DATA_86CEF0C8178349C987653162F485EE67,CDM_LMS,COURSE_GROUP_PERSON,INSTANCE_ID,2,NUMBER,,,,,
postgresql,BLACKBOARD_DATA_86CEF0C8178349C987653162F485EE67,CDM_LMS,COURSE_ITEM,PERSON_ID,5,NUMBER,,,,,
postgresql,BLACKBOARD_DATA_86CEF0C8178349C987653162F485EE67,CDM_MAP,PERSON,ROW_UPDATED_TIME,9,TIMESTAMP_LTZ,,,,,
postgresql,BLACKBOARD_DATA_86CEF0C8178349C987653162F485EE67,CDM_LMS,TERM,AVAILABLE_IND,8,BOOLEAN,,,,,
postgresql,BLACKBOARD_DATA_86CEF0C8178349C987653162F485EE67,CDM_LMS,COURSE,COURSE_PARENT_ID,3,NUMBER,,,,,
postgresql,BLACKBOARD_DATA_86CEF0C8178349C987653162F485EE67,CDM_LMS,PERSON,EMAIL,9,TEXT,16777216,,,,
postgresql,BLACKBOARD_DATA_86CEF0C8178349C987653162F485EE67,CDM_LMS,COURSE,NAME,6,TEXT,16777216,,,,
postgresql,BLACKBOARD_DATA_86CEF0C8178349C987653162F485EE67,CDM_LMS,EVALUABLE_COURSE_ITEM,ROW_DELETED_TIME,10,TIMESTAMP_LTZ,,,,,
postgresql,BLACKBOARD_DATA_86CEF0C8178349C987653162F485EE67,CDM_LMS,ACTIVITY,TOOL_SOURCE_ID,11,TEXT,16777216,,,,
postgresql,BLACKBOARD_DATA_86CEF0C8178349C987653162F485EE67,CDM_LMS,SESSION_ACTIVITY,INTERACTION_CNT,7,NUMBER,,,,,
postgresql,BLACKBOARD_DATA_86CEF0C8178349C987653162F485EE67,CDM_LMS,GRADE,ROW_DELETED_TIME,20,TIMESTAMP_LTZ,,,,,
postgresql,BLACKBOARD_DATA_86CEF0C8178349C987653162F485EE67,CDM_LMS,COURSE_CONTENT_ITEMS_GROUP,ASSIGNED_IND,9,BOOLEAN,,,,,
postgresql,BLACKBOARD_DATA_86CEF0C8178349C987653162F485EE67,CDM_LMS,COURSE_CONTENT_ITEMS_REVIEWED,COURSE_ITEM_ID,7,NUMBER,,,,,
postgresql,BLACKBOARD_DATA_86CEF0C8178349C987653162F485EE67,CDM_LMS,PERSON,STAGE,19,OBJECT,,,,,
postgresql,BLACKBOARD_DATA_86CEF0C8178349C987653162F485EE67,CDM_LMS,GRADEBOOK,CALCULATION_TYPE,14,TEXT,16777216,,,,
postgresql,BLACKBOARD_DATA_86CEF0C8178349C987653162F485EE67,CDM_LMS,PERSON,INSTITUTION_ROLE,11,TEXT,16777216,,,,
postgresql,BLACKBOARD_DATA_86CEF0C8178349C987653162F485EE67,CDM_LMS,PERSON_COURSE,ENROLLMENT_TIME,20,TIMESTAMP_LTZ,,,,,
postgresql,BLACKBOARD_DATA_86CEF0C8178349C987653162F485EE67,CDM_LMS,SESSION_ACTIVITY,FIRST_ACCESSED_TIME,13,TIMESTAMP_LTZ,,,,,
postgresql,BLACKBOARD_DATA_86CEF0C8178349C987653162F485EE67,CDM_LMS,COURSE,TERM_ID,4,NUMBER,,,,,
postgresql,BLACKBOARD_DATA_86CEF0C8178349C987653162F485EE67,CDM_LMS,GRADEBOOK,COURSE_ITEM_ID,4,NUMBER,,,,,
postgresql,BLACKBOARD_DATA_86CEF0C8178349C987653162F485EE67,CDM_LMS,GOAL,STAGE,10,OBJECT,,,,,
postgresql,BLACKBOARD_DATA_86CEF0C8178349C987653162F485EE67,CDM_LMS,INSTITUTION_HIERARCHY,HIERARCHY_NAME_SEQ,8,TEXT,16777216,,,,
postgresql,BLACKBOARD_DATA_86CEF0C8178349C987653162F485EE67,CDM_LMS,ACTIVITY,ROW_INSERTED_TIME,16,TIMESTAMP_LTZ,,,,,
postgresql,BLACKBOARD_DATA_86CEF0C8178349C987653162F485EE67,CDM_LMS,TERM,ROW_UPDATED_TIME,12,TIMESTAMP_LTZ,,,,,
postgresql,BLACKBOARD_DATA_86CEF0C8178349C987653162F485EE67,CDM_LMS,EVALUATION,TYPE,10,TEXT,16777216,,,,
postgresql,BLACKBOARD_DATA_86CEF0C8178349C987653162F485EE67,CDM_LMS,COURSE_GROUP_PERSON,PERSON_COURSE_ID,6,NUMBER,,,,,
postgresql,BLACKBOARD_DATA_86CEF0C8178349C987653162F485EE67,CDM_META,CANON_CODE,SOURCE_DOMAIN,1,TEXT,16777216,,,,
postgresql,BLACKBOARD_DATA_86CEF0C8178349C987653162F485EE67,CDM_LMS,GRADEBOOK,AGGREGATION_MODEL_SOURCE_CODE,12,NUMBER,,,,,
postgresql,BLACKBOARD_DATA_86CEF0C8178349C987653162F485EE67,CDM_LMS,ACTIVITY,PERSON_ID,3,NUMBER,,,,,
postgresql,BLACKBOARD_DATA_86CEF0C8178349C987653162F485EE67,CDM_LMS,ATTEMPT,ID,1,NUMBER,,,,,
postgresql,BLACKBOARD_DATA_86CEF0C8178349C987653162F485EE67,CDM_LMS,COURSE,ROW_INSERTED_TIME,21,TIMESTAMP_LTZ,,,,,
postgresql,BLACKBOARD_DATA_86CEF0C8178349C987653162F485EE67,CDM_LMS,ATTEMPT,NOTES_FORMAT_TYPE,16,TEXT,16777216,,,,
postgresql,BLACKBOARD_DATA_86CEF0C8178349C987653162F485EE67,CDM_LMS,COURSE_TOOL_ACTIVITY,LOGIN_SOURCE_ID,10,TEXT,16777216,,,,
postgresql,BLACKBOARD_DATA_86CEF0C8178349C987653162F485EE67,CDM_LMS,TERM,END_TIME,16,TIMESTAMP_LTZ,,,,,
postgresql,BLACKBOARD_DATA_86CEF0C8178349C987653162F485EE67,CDM_LMS,COURSE_ITEM,ID,1,NUMBER,,,,,
postgresql,BLACKBOARD_DATA_86CEF0C8178349C987653162F485EE67,CDM_LMS,GRADE,MANUAL_IND,15,BOOLEAN,,,,,
postgresql,BLACKBOARD_DATA_86CEF0C8178349C987653162F485EE67,CDM_LMS,INSTITUTION_HIERARCHY_PERMISSION,ROW_DELETED_TIME,12,TIMESTAMP_LTZ,,,,,
postgresql,BLACKBOARD_DATA_86CEF0C8178349C987653162F485EE67,CDM_META,CANON_CODE,SOURCE_SYSTEM,2,TEXT,16777216,,,,
postgresql,BLACKBOARD_DATA_86CEF0C8178349C987653162F485EE67,CDM_LMS,PERSON,ENABLED_IND,18,BOOLEAN,,,,,
postgresql,BLACKBOARD_DATA_86CEF0C8178349C987653162F485EE67,CDM_MAP,PERSON,GLOBAL_INSTANCE_ID,3,NUMBER,,,,,
postgresql,BLACKBOARD_DATA_86CEF0C8178349C987653162F485EE67,CDM_LMS,COURSE_GROUP_PERSON,SOURCE_ID,7,TEXT,16777216,,,,
postgresql,BLACKBOARD_DATA_86CEF0C8178349C987653162F485EE67,CDM_LMS,GRADE,MODIFIER_ROLE,29,TEXT,16777216,,,,
postgresql,BLACKBOARD_DATA_86CEF0C8178349C987653162F485EE67,CDM_LMS,INSTITUTION_HIERARCHY,ROW_DELETED_TIME,12,TIMESTAMP_LTZ,,,,,
postgresql,BLACKBOARD_DATA_86CEF0C8178349C987653162F485EE67,CDM_LMS,COURSE_ACTIVITY,PERSON_SOURCE_ID,9,TEXT,16777216,,,,
postgresql,BLACKBOARD_DATA_86CEF0C8178349C987653162F485EE67,CDM_LMS,COURSE_CONTENT_ITEMS_REVIEWED,ID,1,NUMBER,,,,,
postgresql,BLACKBOARD_DATA_86CEF0C8178349C987653162F485EE67,CDM_LMS,PERSON_COURSE,ROW_UPDATED_TIME,13,TIMESTAMP_LTZ,,,,,
postgresql,BLACKBOARD_DATA_86CEF0C8178349C987653162F485EE67,CDM_LMS,ATTEMPT,STUDENT_COMMENTS,10,TEXT,16777216,,,,
postgresql,BLACKBOARD_DATA_86CEF0C8178349C987653162F485EE67,CDM_LMS,COURSE_ACTIVITY,DURATION_SUM,10,NUMBER,,,,,
postgresql,BLACKBOARD_DATA_86CEF0C8178349C987653162F485EE67,CDM_LMS,INSTITUTION_HIERARCHY_COURSE,PRIMARY_IND,6,BOOLEAN,,,,,
postgresql,BLACKBOARD_DATA_86CEF0C8178349C987653162F485EE67,CDM_LMS,EVALUATION,NORMALIZED_SCORE,14,FLOAT,,,,,
postgresql,BLACKBOARD_DATA_86CEF0C8178349C987653162F485EE67,CDM_LMS,COURSE_ITEM,FILE_CNT,13,NUMBER,,,,,
postgresql,BLACKBOARD_DATA_86CEF0C8178349C987653162F485EE67,CDM_LMS,TOOL,NAME,4,TEXT,16777216,,,,
postgresql,BLACKBOARD_DATA_86CEF0C8178349C987653162F485EE67,CDM_LMS,TERM,ROW_INSERTED_TIME,11,TIMESTAMP_LTZ,,,,,
postgresql,BLACKBOARD_DATA_86CEF0C8178349C987653162F485EE67,CDM_LMS,ATTEMPT,ROW_UPDATED_TIME,30,TIMESTAMP_LTZ,,,,,
postgresql,BLACKBOARD_DATA_86CEF0C8178349C987653162F485EE67,CDM_LMS,COURSE_TOOL_ACTIVITY,LAST_ACCESSED_TIME,20,TIMESTAMP_LTZ,,,,,
postgresql,BLACKBOARD_DATA_86CEF0C8178349C987653162F485EE67,CDM_LMS,EVALUABLE_COURSE_ITEM,INSTANCE_ID,2,NUMBER,,,,,
postgresql,BLACKBOARD_DATA_86CEF0C8178349C987653162F485EE67,CDM_LMS,TOOL,PLUGIN_HANDLE,17,TEXT,16777216,,,,
postgresql,BLACKBOARD_DATA_86CEF0C8178349C987653162F485EE67,CDM_LMS,SUBMISSION,COURSE_ID,3,NUMBER,,,,,
postgresql,BLACKBOARD_DATA_86CEF0C8178349C987653162F485EE67,CDM_LMS,COURSE_CONTENT_ITEMS_GROUP,ROW_INSERTED_TIME,12,TIMESTAMP_LTZ,,,,,
postgresql,BLACKBOARD_DATA_86CEF0C8178349C987653162F485EE67,CDM_LMS,GOAL_COURSE_ITEM,ROW_DELETED_TIME,9,TIMESTAMP_LTZ,,,,,
postgresql,BLACKBOARD_DATA_86CEF0C8178349C987653162F485EE67,CDM_LMS,GOAL,ROW_UPDATED_TIME,12,TIMESTAMP_LTZ,,,,,
postgresql,BLACKBOARD_DATA_86CEF0C8178349C987653162F485EE67,CDM_LMS,COURSE_TOOL_ACTIVITY,PERSON_ID,5,NUMBER,,,,,
postgresql,BLACKBOARD_DATA_86CEF0C8178349C987653162F485EE67,CDM_LMS,PERSON,AVATAR_URL,7,TEXT,16777216,,,,
postgresql,BLACKBOARD_DATA_86CEF0C8178349C987653162F485EE67,CDM_LMS,TRANSLATION,ROW_INSERTED_TIME,13,TIMESTAMP_LTZ,,,,,
postgresql,BLACKBOARD_DATA_86CEF0C8178349C987653162F485EE67,CDM_LMS,ATTEMPT,ATTEMPT_TIME,25,TIMESTAMP_LTZ,,,,,
postgresql,BLACKBOARD_DATA_86CEF0C8178349C987653162F485EE67,CDM_LMS,COURSE_GROUP,MODIFIED_TIME,10,TIMESTAMP_LTZ,,,,,
postgresql,BLACKBOARD_DATA_86CEF0C8178349C987653162F485EE67,CDM_MAP,PERSON,LMS_PERSON_ID,5,NUMBER,,,,,
postgresql,BLACKBOARD_DATA_86CEF0C8178349C987653162F485EE67,CDM_LMS,COURSE,ENROLLMENT_METHOD,14,TEXT,16777216,,,,
postgresql,BLACKBOARD_DATA_86CEF0C8178349C987653162F485EE67,CDM_MAP,COURSE_ROOM,ID,1,NUMBER,,,,,
postgresql,BLACKBOARD_DATA_86CEF0C8178349C987653162F485EE67,CDM_LMS,ATTEMPT,STATUS_SOURCE_DESC,19,TEXT,16777216,,,,
postgresql,BLACKBOARD_DATA_86CEF0C8178349C987653162F485EE67,CDM_LMS,COURSE,CREATED_TIME,25,TIMESTAMP_LTZ,,,,,
postgresql,BLACKBOARD_DATA_86CEF0C8178349C987653162F485EE67,CDM_LMS,COURSE_ITEM,ITEM_TYPE_SOURCE_DESC,12,TEXT,16777216,,,,
postgresql,BLACKBOARD_DATA_86CEF0C8178349C987653162F485EE67,CDM_LMS,ATTEMPT,OVERRIDE_IND,21,TEXT,16777216,,,,
postgresql,BLACKBOARD_DATA_86CEF0C8178349C987653162F485EE67,CDM_LMS,GRADEBOOK,POSSIBLE_SCORE,10,FLOAT,,,,,
postgresql,BLACKBOARD_DATA_86CEF0C8178349C987653162F485EE67,CDM_LMS,COURSE,ROW_DELETED_TIME,23,TIMESTAMP_LTZ,,,,,
postgresql,BLACKBOARD_DATA_86CEF0C8178349C987653162F485EE67,CDM_LMS,COURSE_TOOL,COURSE_ID,3,NUMBER,,,,,
postgresql,BLACKBOARD_DATA_86CEF0C8178349C987653162F485EE67,CDM_LMS,COURSE,DESIGN_MODE_SOURCE_DESC,13,TEXT,16777216,,,,
postgresql,BLACKBOARD_DATA_86CEF0C8178349C987653162F485EE67,CDM_LMS,SUBMISSION,SUBMISSION_SIZE,9,NUMBER,,,,,
postgresql,BLACKBOARD_DATA_86CEF0C8178349C987653162F485EE67,CDM_LMS,INSTITUTION_HIERARCHY_COURSE,SOURCE_ID,5,TEXT,16777216,,,,
postgresql,BLACKBOARD_DATA_86CEF0C8178349C987653162F485EE67,CDM_LMS,SESSION_ACTIVITY,MOBILE_IND,8,BOOLEAN,,,,,
postgresql,BLACKBOARD_DATA_86CEF0C8178349C987653162F485EE67,CDM_LMS,INSTITUTION_HIERARCHY_PERMISSION,ROW_UPDATED_TIME,11,TIMESTAMP_LTZ,,,,,
postgresql,BLACKBOARD_DATA_86CEF0C8178349C987653162F485EE67,CDM_LMS,EVALUABLE_ITEM,ROW_INSERTED_TIME,13,TIMESTAMP_LTZ,,,,,
postgresql,BLACKBOARD_DATA_86CEF0C8178349C987653162F485EE67,CDM_LMS,PERSON,POSTAL_CODE,10,TEXT,16777216,,,,
postgresql,BLACKBOARD_DATA_86CEF0C8178349C987653162F485EE67,CDM_LMS,INSTITUTION_HIERARCHY_PERMISSION,USER_ROLE,8,TEXT,16777216,,,,
postgresql,BLACKBOARD_DATA_86CEF0C8178349C987653162F485EE67,CDM_META,CANON_CODE,NAME,3,TEXT,16777216,,,,
postgresql,BLACKBOARD_DATA_86CEF0C8178349C987653162F485EE67,CDM_LMS,GRADE,FIRST_ATTEMPTED_TIME,23,TIMESTAMP_LTZ,,,,,
postgresql,BLACKBOARD_DATA_86CEF0C8178349C987653162F485EE67,CDM_LMS,SUBMISSION,ID,1,NUMBER,,,,,
postgresql,BLACKBOARD_DATA_86CEF0C8178349C987653162F485EE67,CDM_META,CANON_CONFIG,NAME,2,TEXT,16777216,,,,
postgresql,BLACKBOARD_DATA_86CEF0C8178349C987653162F485EE67,CDM_LMS,GOAL_COURSE_ITEM,INSTANCE_ID,2,NUMBER,,,,,
postgresql,BLACKBOARD_DATA_86CEF0C8178349C987653162F485EE67,CDM_LMS,ACTIVITY,TOOL_ID,6,NUMBER,,,,,
postgresql,BLACKBOARD_DATA_86CEF0C8178349C987653162F485EE67,CDM_LMS,TOOL,BUILT_IN_IND,11,BOOLEAN,,,,,
postgresql,BLACKBOARD_DATA_86CEF0C8178349C987653162F485EE67,CDM_LMS,COURSE_CONTENT_ITEMS_REVIEWED,REVIEWED_TIME,8,TIMESTAMP_LTZ,,,,,
postgresql,BLACKBOARD_DATA_86CEF0C8178349C987653162F485EE67,CDM_LMS,COURSE_ACTIVITY,PERSON_ID,5,NUMBER,,,,,
postgresql,BLACKBOARD_DATA_86CEF0C8178349C987653162F485EE67,CDM_LMS,COURSE_CONTENT_ITEMS_REVIEWED,ROW_UPDATED_TIME,13,TIMESTAMP_LTZ,,,,,
postgresql,BLACKBOARD_DATA_86CEF0C8178349C987653162F485EE67,CDM_LMS,EVALUATION,ROW_DELETED_TIME,19,TIMESTAMP_LTZ,,,,,
postgresql,BLACKBOARD_DATA_86CEF0C8178349C987653162F485EE67,CDM_LMS,SUBMISSION,DESCRIPTION,8,TEXT,16777216,,,,
postgresql,BLACKBOARD_DATA_86CEF0C8178349C987653162F485EE67,CDM_LMS,INSTITUTION_HIERARCHY,ROW_INSERTED_TIME,10,TIMESTAMP_LTZ,,,,,
postgresql,BLACKBOARD_DATA_86CEF0C8178349C987653162F485EE67,CDM_MAP,INSTANCE,LMS_INSTANCE_ID,3,NUMBER,,,,,
postgresql,BLACKBOARD_DATA_86CEF0C8178349C987653162F485EE67,CDM_LMS,PERSON,SYSTEM_ROLE,14,TEXT,16777216,,,,
postgresql,BLACKBOARD_DATA_86CEF0C8178349C987653162F485EE67,CDM_LMS,GRADEBOOK,GRADEBOOK_TYPE,8,TEXT,16777216,,,,
postgresql,BLACKBOARD_DATA_86CEF0C8178349C987653162F485EE67,CDM_MAP,PERSON,SIS_STUDENT_ID,11,NUMBER,,,,,
postgresql,BLACKBOARD_DATA_86CEF0C8178349C987653162F485EE67,CDM_LMS,TERM,SOURCE_ID,3,TEXT,16777216,,,,
postgresql,BLACKBOARD_DATA_86CEF0C8178349C987653162F485EE67,CDM_MAP,PERSON,ROW_INSERTED_TIME,8,TIMESTAMP_LTZ,,,,,
postgresql,BLACKBOARD_DATA_86CEF0C8178349C987653162F485EE67,CDM_LMS,GRADE,ATTEMPTED_CNT,13,NUMBER,,,,,
postgresql,BLACKBOARD_DATA_86CEF0C8178349C987653162F485EE67,CDM_LMS,GOAL_COURSE_ITEM,GOAL_ID,4,NUMBER,,,,,
postgresql,BLACKBOARD_DATA_86CEF0C8178349C987653162F485EE67,CDM_LMS,EVALUABLE_COURSE_ITEM,CREATED_TIME,11,TIMESTAMP_LTZ,,,,,
postgresql,BLACKBOARD_DATA_86CEF0C8178349C987653162F485EE67,CDM_LMS,GRADE,POSSIBLE_SCORE,11,FLOAT,,,,,
postgresql,BLACKBOARD_DATA_86CEF0C8178349C987653162F485EE67,CDM_LMS,TOOL,DESIGN_MODE_SOURCE_CODE,9,TEXT,16777216,,,,
postgresql,BLACKBOARD_DATA_86CEF0C8178349C987653162F485EE67,CDM_LMS,ACTIVITY,GRADE_VIEW_CNT,13,NUMBER,,,,,
postgresql,BLACKBOARD_DATA_86CEF0C8178349C987653162F485EE67,CDM_LMS,COURSE_CONTENT_ITEMS_GROUP,MODIFIED_TIME,11,TIMESTAMP_LTZ,,,,,
postgresql,BLACKBOARD_DATA_86CEF0C8178349C987653162F485EE67,CDM_LMS,GRADE,MODIFIED_TIME,24,TIMESTAMP_LTZ,,,,,
postgresql,BLACKBOARD_DATA_86CEF0C8178349C987653162F485EE67,CDM_LMS,EVALUABLE_ITEM,MODIFIED_TIME,17,TIMESTAMP_LTZ,,,,,
postgresql,BLACKBOARD_DATA_86CEF0C8178349C987653162F485EE67,CDM_LMS,TERM,START_TIME,15,TIMESTAMP_LTZ,,,,,
postgresql,BLACKBOARD_DATA_86CEF0C8178349C987653162F485EE67,CDM_LMS,EVALUABLE_COURSE_ITEM,ROW_INSERTED_TIME,8,TIMESTAMP_LTZ,,,,,
postgresql,BLACKBOARD_DATA_86CEF0C8178349C987653162F485EE67,CDM_LMS,COURSE_TOOL,ROW_INSERTED_TIME,10,TIMESTAMP_LTZ,,,,,
postgresql,BLACKBOARD_DATA_86CEF0C8178349C987653162F485EE67,CDM_LMS,ATTEMPT,ROW_INSERTED_TIME,29,TIMESTAMP_LTZ,,,,,
postgresql,BLACKBOARD_DATA_86CEF0C8178349C987653162F485EE67,CDM_LMS,COURSE_TOOL_ACTIVITY,PERSON_SOURCE_ID,11,TEXT,16777216,,,,
postgresql,BLACKBOARD_DATA_86CEF0C8178349C987653162F485EE67,CDM_MAP,INSTANCE,STAGE,7,OBJECT,,,,,
postgresql,BLACKBOARD_DATA_86CEF0C8178349C987653162F485EE67,CDM_LMS,PERSON_COURSE,ENABLED_IND,10,BOOLEAN,,,,,
postgresql,BLACKBOARD_DATA_86CEF0C8178349C987653162F485EE67,CDM_LMS,INSTITUTION_HIERARCHY_COURSE,COURSE_ID,3,NUMBER,,,,,
postgresql,BLACKBOARD_DATA_86CEF0C8178349C987653162F485EE67,CDM_LMS,COURSE_ACTIVITY,COURSE_ID,3,NUMBER,,,,,
postgresql,BLACKBOARD_DATA_86CEF0C8178349C987653162F485EE67,CDM_LMS,GRADE,COMMENT,8,TEXT,16777216,,,,
postgresql,BLACKBOARD_DATA_86CEF0C8178349C987653162F485EE67,CDM_LMS,ATTEMPT,LAST_GRADED_DATE,27,TIMESTAMP_LTZ,,,,,
postgresql,BLACKBOARD_DATA_86CEF0C8178349C987653162F485EE67,CDM_LMS,COURSE_ITEM,ITEM_TYPE_SOURCE_CODE,11,TEXT,16777216,,,,
postgresql,BLACKBOARD_DATA_86CEF0C8178349C987653162F485EE67,CDM_LMS,EVALUATION,PRIMARY_IND,15,BOOLEAN,,,,,
postgresql,BLACKBOARD_DATA_86CEF0C8178349C987653162F485EE67,CDM_LMS,COURSE_TOOL_ACTIVITY,COURSE_TOOL_ID,6,NUMBER,,,,,
postgresql,BLACKBOARD_DATA_86CEF0C8178349C987653162F485EE67,CDM_LMS,GOAL_COURSE_ITEM,SOURCE_ID,5,TEXT,16777216,,,,
postgresql,BLACKBOARD_DATA_86CEF0C8178349C987653162F485EE67,CDM_LMS,EVALUATION,ROW_UPDATED_TIME,18,TIMESTAMP_LTZ,,,,,
postgresql,BLACKBOARD_DATA_86CEF0C8178349C987653162F485EE67,CDM_LMS,COURSE,END_TIME,27,TIMESTAMP_LTZ,,,,,
postgresql,BLACKBOARD_DATA_86CEF0C8178349C987653162F485EE67,CDM_LMS,PERSON,ROW_UPDATED_TIME,21,TIMESTAMP_LTZ,,,,,
postgresql,BLACKBOARD_DATA_86CEF0C8178349C987653162F485EE67,CDM_LMS,INSTANCE,STAGE,6,OBJECT,,,,,
postgresql,BLACKBOARD_DATA_86CEF0C8178349C987653162F485EE67,CDM_LMS,EVALUABLE_ITEM,NAME,7,TEXT,16777216,,,,
postgresql,BLACKBOARD_DATA_86CEF0C8178349C987653162F485EE67,CDM_LMS,COURSE_GROUP_PERSON,ROW_DELETED_TIME,10,TIMESTAMP_LTZ,,,,,
postgresql,BLACKBOARD_DATA_86CEF0C8178349C987653162F485EE67,CDM_LMS,TERM,ENABLED_IND,9,BOOLEAN,,,,,
postgresql,BLACKBOARD_DATA_86CEF0C8178349C987653162F485EE67,CDM_LMS,ACTIVITY,INTERACTION_CNT,14,NUMBER,,,,,
postgresql,BLACKBOARD_DATA_86CEF0C8178349C987653162F485EE67,CDM_LMS,ACTIVITY,ROW_UPDATED_TIME,17,TIMESTAMP_LTZ,,,,,
postgresql,BLACKBOARD_DATA_86CEF0C8178349C987653162F485EE67,CDM_LMS,GRADEBOOK,CALCULATION_TYPE_SOURCE_CODE,15,TEXT,16777216,,,,
postgresql,BLACKBOARD_DATA_86CEF0C8178349C987653162F485EE67,CDM_LMS,EVALUATION,INSTANCE_ID,2,NUMBER,,,,,
postgresql,BLACKBOARD_DATA_86CEF0C8178349C987653162F485EE67,CDM_LMS,COURSE_ITEM_ACTIVITY,STAGE,14,OBJECT,,,,,
postgresql,BLACKBOARD_DATA_86CEF0C8178349C987653162F485EE67,CDM_LMS,GRADE,NORMALIZED_SCORE,12,FLOAT,,,,,
postgresql,BLACKBOARD_DATA_86CEF0C8178349C987653162F485EE67,CDM_LMS,GRADE,GRADEBOOK_ID,3,NUMBER,,,,,
postgresql,BLACKBOARD_DATA_86CEF0C8178349C987653162F485EE67,CDM_LMS,GRADEBOOK,STAGE,22,OBJECT,,,,,
postgresql,BLACKBOARD_DATA_86CEF0C8178349C987653162F485EE67,CDM_LMS,COURSE_GROUP,ROW_INSERTED_TIME,12,TIMESTAMP_LTZ,,,,,
postgresql,BLACKBOARD_DATA_86CEF0C8178349C987653162F485EE67,CDM_LMS,PERSON_COURSE,COURSE_ROLE_SOURCE_CODE,7,TEXT,16777216,,,,
postgresql,BLACKBOARD_DATA_86CEF0C8178349C987653162F485EE67,CDM_LMS,COURSE_TOOL_ACTIVITY,FIRST_ACCESSED_TIME,19,TIMESTAMP_LTZ,,,,,
postgresql,BLACKBOARD_DATA_86CEF0C8178349C987653162F485EE67,CDM_LMS,ACTIVITY,STAGE,15,OBJECT,,,,,
postgresql,BLACKBOARD_DATA_86CEF0C8178349C987653162F485EE67,CDM_LMS,EVALUABLE_ITEM,CREATED_TIME,16,TIMESTAMP_LTZ,,,,,
postgresql,BLACKBOARD_DATA_86CEF0C8178349C987653162F485EE67,CDM_LMS,COURSE_ITEM,CREATED_TIME,20,TIMESTAMP_LTZ,,,,,
postgresql,BLACKBOARD_DATA_86CEF0C8178349C987653162F485EE67,CDM_META,BBD_CALCULATION_DEFINITION,DESCRIPTION,3,TEXT,16777216,,,,
postgresql,BLACKBOARD_DATA_86CEF0C8178349C987653162F485EE67,CDM_LMS,INSTITUTION_HIERARCHY_PERMISSION,INSTITUTIONAL_HIERARCHY_LEVEL_4,7,TEXT,16777216,,,,
postgresql,BLACKBOARD_DATA_86CEF0C8178349C987653162F485EE67,CDM_LMS,COURSE_ITEM,AVAILABLE_IND,21,BOOLEAN,,,,,
postgresql,BLACKBOARD_DATA_86CEF0C8178349C987653162F485EE67,CDM_LMS,COURSE_GROUP_PERSON,PERSON_ID,5,NUMBER,,,,,
postgresql,BLACKBOARD_DATA_86CEF0C8178349C987653162F485EE67,CDM_LMS,COURSE,DESCRIPTION,7,TEXT,16777216,,,,
postgresql,BLACKBOARD_DATA_86CEF0C8178349C987653162F485EE67,CDM_LMS,SUBMISSION,MODIFIED_TIME,19,TIMESTAMP_LTZ,,,,,
postgresql,BLACKBOARD_DATA_86CEF0C8178349C987653162F485EE67,CDM_LMS,EVALUATION,PERSON_COURSE_ID,5,NUMBER,,,,,
postgresql,BLACKBOARD_DATA_86CEF0C8178349C987653162F485EE67,CDM_MAP,PERSON,SOURCE_ID,4,TEXT,16777216,,,,
postgresql,BLACKBOARD_DATA_86CEF0C8178349C987653162F485EE67,CDM_LMS,PERSON_COURSE,COURSE_ROLE_DESC,17,TEXT,16777216,,,,
postgresql,BLACKBOARD_DATA_86CEF0C8178349C987653162F485EE67,CDM_LMS,COURSE_CONTENT_ITEMS_REVIEWED,ROW_INSERTED_TIME,12,TIMESTAMP_LTZ,,,,,
postgresql,BLACKBOARD_DATA_86CEF0C8178349C987653162F485EE67,CDM_LMS,COURSE_GROUP,NAME,5,TEXT,16777216,,,,
postgresql,BLACKBOARD_DATA_86CEF0C8178349C987653162F485EE67,CDM_LMS,COURSE_ITEM_ACTIVITY,ROW_DELETED_TIME,17,TIMESTAMP_LTZ,,,,,
postgresql,BLACKBOARD_DATA_86CEF0C8178349C987653162F485EE67,CDM_LMS,COURSE_TOOL_ACTIVITY,INSTANCE_ID,2,NUMBER,,,,,
postgresql,BLACKBOARD_DATA_86CEF0C8178349C987653162F485EE67,CDM_LMS,PERSON_COURSE,SOURCE_ID,5,TEXT,16777216,,,,
postgresql,BLACKBOARD_DATA_86CEF0C8178349C987653162F485EE67,CDM_LMS,COURSE_GROUP_PERSON,ROW_INSERTED_TIME,8,TIMESTAMP_LTZ,,,,,
postgresql,BLACKBOARD_DATA_86CEF0C8178349C987653162F485EE67,CDM_LMS,COURSE_ITEM_ACTIVITY,SESSION_ACTIVITY_ID,7,NUMBER,,,,,
postgresql,BLACKBOARD_DATA_86CEF0C8178349C987653162F485EE67,CDM_LMS,PERSON_COURSE,ID,1,NUMBER,,,,,
postgresql,BLACKBOARD_DATA_86CEF0C8178349C987653162F485EE67,CDM_LMS,EVALUATION,FEEDBACK,11,TEXT,16777216,,,,
postgresql,BLACKBOARD_DATA_86CEF0C8178349C987653162F485EE67,CDM_MAP,COURSE_ROOM,LMS_COURSE_ID,4,NUMBER,,,,,
postgresql,BLACKBOARD_DATA_86CEF0C8178349C987653162F485EE67,CDM_LMS,PERSON,AVAILABLE_IND,17,BOOLEAN,,,,,
postgresql,BLACKBOARD_DATA_86CEF0C8178349C987653162F485EE67,CDM_LMS,COURSE_GROUP,INSTANCE_ID,2,NUMBER,,,,,
postgresql,BLACKBOARD_DATA_86CEF0C8178349C987653162F485EE67,CDM_LMS,COURSE_ITEM,INSTANCE_ID,2,NUMBER,,,,,
postgresql,BLACKBOARD_DATA_86CEF0C8178349C987653162F485EE67,CDM_LMS,PERSON,SYSTEM_ROLE_SOURCE_DESC,16,TEXT,16777216,,,,
postgresql,BLACKBOARD_DATA_86CEF0C8178349C987653162F485EE67,CDM_LMS,GRADE,FEEDBACK,9,TEXT,16777216,,,,
postgresql,BLACKBOARD_DATA_86CEF0C8178349C987653162F485EE67,CDM_LMS,INSTITUTION_HIERARCHY_COURSE,STAGE,7,OBJECT,,,,,
postgresql,BLACKBOARD_DATA_86CEF0C8178349C987653162F485EE67,CDM_LMS,SUBMISSION,STAGE,13,OBJECT,,,,,
postgresql,BLACKBOARD_DATA_86CEF0C8178349C987653162F485EE67,CDM_META,BBD_CALCULATION_DETAIL,CALCULATION_LIST,3,ARRAY,,,,,
postgresql,BLACKBOARD_DATA_86CEF0C8178349C987653162F485EE67,CDM_LMS,SUBMISSION,ITEM_TYPE_SOURCE_DESC,12,TEXT,16777216,,,,
postgresql,BLACKBOARD_DATA_86CEF0C8178349C987653162F485EE67,CDM_LMS,COURSE_CONTENT_ITEMS_REVIEWED,PERSON_ID,4,NUMBER,,,,,
postgresql,BLACKBOARD_DATA_86CEF0C8178349C987653162F485EE67,CDM_LMS,COURSE_GROUP,AVAILABLE_IND,7,BOOLEAN,,,,,
postgresql,BLACKBOARD_DATA_86CEF0C8178349C987653162F485EE67,CDM_LMS,COURSE_ITEM_ACTIVITY,PERSON_SOURCE_ID,11,TEXT,16777216,,,,
postgresql,BLACKBOARD_DATA_86CEF0C8178349C987653162F485EE67,CDM_META,CANON_CODE,CANON_CODE,5,TEXT,16777216,,,,
postgresql,BLACKBOARD_DATA_86CEF0C8178349C987653162F485EE67,CDM_LMS,EVALUATION,DESCRIPTION,9,TEXT,16777216,,,,
postgresql,BLACKBOARD_DATA_86CEF0C8178349C987653162F485EE67,CDM_LMS,INSTITUTION_HIERARCHY_COURSE,ROW_DELETED_TIME,10,TIMESTAMP_LTZ,,,,,
postgresql,BLACKBOARD_DATA_86CEF0C8178349C987653162F485EE67,CDM_LMS,COURSE_CONTENT_ITEMS_REVIEWED,COURSE_ID,5,NUMBER,,,,,
postgresql,BLACKBOARD_DATA_86CEF0C8178349C987653162F485EE67,CDM_LMS,COURSE_CONTENT_ITEMS_REVIEWED,INSTANCE_ID,2,NUMBER,,,,,
postgresql,BLACKBOARD_DATA_86CEF0C8178349C987653162F485EE67,CDM_LMS,INSTANCE,NAME,3,TEXT,16777216,,,,
postgresql,BLACKBOARD_DATA_86CEF0C8178349C987653162F485EE67,CDM_LMS,INSTITUTION_HIERARCHY,ID,1,NUMBER,,,,,
postgresql,BLACKBOARD_DATA_86CEF0C8178349C987653162F485EE67,CDM_LMS,GRADE,SOURCE_ID,5,TEXT,16777216,,,,
postgresql,BLACKBOARD_DATA_86CEF0C8178349C987653162F485EE67,CDM_LMS,GRADE,LAST_ATTEMPTED_TIME,25,TIMESTAMP_LTZ,,,,,
postgresql,BLACKBOARD_DATA_86CEF0C8178349C987653162F485EE67,CDM_LMS,INSTANCE,ROW_DELETED_TIME,9,TIMESTAMP_LTZ,,,,,
postgresql,BLACKBOARD_DATA_86CEF0C8178349C987653162F485EE67,CDM_LMS,COURSE_ITEM_ACTIVITY,FIRST_ACCESSED_TIME,19,TIMESTAMP_LTZ,,,,,
postgresql,BLACKBOARD_DATA_86CEF0C8178349C987653162F485EE67,CDM_LMS,ACTIVITY,COURSE_ITEM_ID,5,NUMBER,,,,,
postgresql,BLACKBOARD_DATA_86CEF0C8178349C987653162F485EE67,CDM_LMS,TERM,NAME,4,TEXT,16777216,,,,
postgresql,BLACKBOARD_DATA_86CEF0C8178349C987653162F485EE67,CDM_META,BBD_CALCULATION_DEFINITION,NAME,1,TEXT,16777216,,,,
postgresql,BLACKBOARD_DATA_86CEF0C8178349C987653162F485EE67,CDM_LMS,COURSE_ACTIVITY,FIRST_ACCESSED_TIME,17,TIMESTAMP_LTZ,,,,,
postgresql,BLACKBOARD_DATA_86CEF0C8178349C987653162F485EE67,CDM_LMS,GRADEBOOK,ROW_INSERTED_TIME,23,TIMESTAMP_LTZ,,,,,
postgresql,BLACKBOARD_DATA_86CEF0C8178349C987653162F485EE67,CDM_LMS,COURSE_GROUP,STAGE,11,OBJECT,,,,,
postgresql,BLACKBOARD_DATA_86CEF0C8178349C987653162F485EE67,CDM_LMS,COURSE,ENROLLMENT_METHOD_SOURCE_DESC,16,TEXT,16777216,,,,
postgresql,BLACKBOARD_DATA_86CEF0C8178349C987653162F485EE67,CDM_LMS,COURSE_TOOL,COURSE_SOURCE_ID,5,TEXT,16777216,,,,
postgresql,BLACKBOARD_DATA_86CEF0C8178349C987653162F485EE67,CDM_LMS,COURSE_TOOL_ACTIVITY,COURSE_SOURCE_ID,9,TEXT,16777216,,,,
postgresql,BLACKBOARD_DATA_86CEF0C8178349C987653162F485EE67,CDM_LMS,INSTITUTION_HIERARCHY,SOURCE_ID,4,TEXT,16777216,,,,
postgresql,BLACKBOARD_DATA_86CEF0C8178349C987653162F485EE67,CDM_LMS,COURSE_ACTIVITY,LOGIN_SOURCE_ID,8,TEXT,16777216,,,,
postgresql,BLACKBOARD_DATA_86CEF0C8178349C987653162F485EE67,CDM_LMS,INSTANCE,ROW_UPDATED_TIME,8,TIMESTAMP_LTZ,,,,,
postgresql,BLACKBOARD_DATA_86CEF0C8178349C987653162F485EE67,CDM_LMS,SESSION_ACTIVITY,PERSON_ID,3,NUMBER,,,,,
postgresql,BLACKBOARD_DATA_86CEF0C8178349C987653162F485EE67,CDM_META,BBD_CALCULATION_DETAIL,DISPLAY_NAME,2,TEXT,16777216,,,,
postgresql,BLACKBOARD_DATA_86CEF0C8178349C987653162F485EE67,CDM_LMS,COURSE_ITEM_ACTIVITY,INTERACTION_CNT,13,NUMBER,,,,,
postgresql,BLACKBOARD_DATA_86CEF0C8178349C987653162F485EE67,CDM_LMS,GRADE,DELETED_ATTEMPT_CNT,31,NUMBER,,,,,
postgresql,BLACKBOARD_DATA_86CEF0C8178349C987653162F485EE67,CDM_LMS,GRADE,ROW_INSERTED_TIME,18,TIMESTAMP_LTZ,,,,,
postgresql,BLACKBOARD_DATA_86CEF0C8178349C987653162F485EE67,CDM_LMS,COURSE_ITEM,ROW_DELETED_TIME,18,TIMESTAMP_LTZ,,,,,
postgresql,BLACKBOARD_DATA_86CEF0C8178349C987653162F485EE67,CDM_LMS,PERSON,ID,1,NUMBER,,,,,
postgresql,BLACKBOARD_DATA_86CEF0C8178349C987653162F485EE67,CDM_LMS,COURSE,MODIFIED_TIME,24,TIMESTAMP_LTZ,,,,,
postgresql,BLACKBOARD_DATA_86CEF0C8178349C987653162F485EE67,CDM_LMS,EVALUABLE_ITEM,DESCRIPTION,8,TEXT,16777216,,,,
postgresql,BLACKBOARD_DATA_86CEF0C8178349C987653162F485EE67,CDM_LMS,SUBMISSION,PERSON_COURSE_ID,5,NUMBER,,,,,
postgresql,BLACKBOARD_DATA_86CEF0C8178349C987653162F485EE67,CDM_LMS,ATTEMPT,GRADE,9,TEXT,16777216,,,,
postgresql,BLACKBOARD_DATA_86CEF0C8178349C987653162F485EE67,CDM_LMS,COURSE_CONTENT_ITEMS_REVIEWED,START_TIME,10,TIMESTAMP_LTZ,,,,,
postgresql,BLACKBOARD_DATA_86CEF0C8178349C987653162F485EE67,CDM_LMS,EVALUABLE_COURSE_ITEM,ROW_UPDATED_TIME,9,TIMESTAMP_LTZ,,,,,
postgresql,BLACKBOARD_DATA_86CEF0C8178349C987653162F485EE67,CDM_LMS,TERM,END_DATE,7,DATE,,,,,
postgresql,BLACKBOARD_DATA_86CEF0C8178349C987653162F485EE67,CDM_LMS,INSTITUTION_HIERARCHY_COURSE,ROW_INSERTED_TIME,8,TIMESTAMP_LTZ,,,,,
postgresql,BLACKBOARD_DATA_86CEF0C8178349C987653162F485EE67,CDM_META,CANON_CONFIG,SOURCE_DOMAIN,1,TEXT,16777216,,,,
postgresql,BLACKBOARD_DATA_86CEF0C8178349C987653162F485EE67,CDM_LMS,ATTEMPT,ROW_DELETED_TIME,31,TIMESTAMP_LTZ,,,,,
postgresql,BLACKBOARD_DATA_86CEF0C8178349C987653162F485EE67,CDM_LMS,TRANSLATION,STAGE,12,OBJECT,,,,,
postgresql,BLACKBOARD_DATA_86CEF0C8178349C987653162F485EE67,CDM_MAP,COURSE_ROOM,SOURCE_ID,3,TEXT,16777216,,,,
postgresql,BLACKBOARD_DATA_86CEF0C8178349C987653162F485EE67,CDM_LMS,ATTEMPT,SUBMISSION_ID,6,NUMBER,,,,,
postgresql,BLACKBOARD_DATA_86CEF0C8178349C987653162F485EE67,CDM_LMS,EVALUATION,CREATED_TIME,20,TIMESTAMP_LTZ,,,,,
postgresql,BLACKBOARD_DATA_86CEF0C8178349C987653162F485EE67,CDM_LMS,COURSE_ITEM,AVAILABLE_END_TIME,23,TIMESTAMP_LTZ,,,,,
postgresql,BLACKBOARD_DATA_86CEF0C8178349C987653162F485EE67,CDM_LMS,COURSE_ITEM,STAGE,15,OBJECT,,,,,
postgresql,BLACKBOARD_DATA_86CEF0C8178349C987653162F485EE67,CDM_MAP,PERSON,CLB_PERSON_ID,6,NUMBER,,,,,
postgresql,BLACKBOARD_DATA_86CEF0C8178349C987653162F485EE67,CDM_LMS,GRADEBOOK,DUE_TIME,28,TIMESTAMP_LTZ,,,,,
postgresql,BLACKBOARD_DATA_86CEF0C8178349C987653162F485EE67,CDM_LMS,EVALUABLE_ITEM,STAGE,12,OBJECT,,,,,
postgresql,BLACKBOARD_DATA_86CEF0C8178349C987653162F485EE67,CDM_LMS,COURSE,SOURCE_ID,5,TEXT,16777216,,,,
postgresql,BLACKBOARD_DATA_86CEF0C8178349C987653162F485EE67,CDM_LMS,COURSE,COPY_FROM_COURSES,28,TEXT,16777216,,,,
postgresql,BLACKBOARD_DATA_86CEF0C8178349C987653162F485EE67,CDM_LMS,COURSE_GROUP,ID,1,NUMBER,,,,,
postgresql,BLACKBOARD_DATA_86CEF0C8178349C987653162F485EE67,CDM_LMS,GOAL,ALIGNABLE_IND,9,BOOLEAN,,,,,
postgresql,BLACKBOARD_DATA_86CEF0C8178349C987653162F485EE67,CDM_LMS,ATTEMPT,STAGE,28,OBJECT,,,,,
postgresql,BLACKBOARD_DATA_86CEF0C8178349C987653162F485EE67,CDM_LMS,COURSE_CONTENT_ITEMS_GROUP,ROW_UPDATED_TIME,13,TIMESTAMP_LTZ,,,,,
postgresql,BLACKBOARD_DATA_86CEF0C8178349C987653162F485EE67,CDM_LMS,COURSE_GROUP_PERSON,ID,1,NUMBER,,,,,
postgresql,BLACKBOARD_DATA_86CEF0C8178349C987653162F485EE67,CDM_LMS,GRADEBOOK,ROW_UPDATED_TIME,24,TIMESTAMP_LTZ,,,,,
postgresql,BLACKBOARD_DATA_86CEF0C8178349C987653162F485EE67,CDM_LMS,COURSE_TOOL_ACTIVITY,ROW_DELETED_TIME,18,TIMESTAMP_LTZ,,,,,
postgresql,BLACKBOARD_DATA_86CEF0C8178349C987653162F485EE67,CDM_LMS,PERSON_COURSE,COURSE_ROLE,6,TEXT,16777216,,,,
postgresql,BLACKBOARD_DATA_86CEF0C8178349C987653162F485EE67,CDM_LMS,ACTIVITY,DURATION_SUM,12,NUMBER,,,,,
postgresql,BLACKBOARD_DATA_86CEF0C8178349C987653162F485EE67,CDM_LMS,PERSON_COURSE,COURSE_ID,3,NUMBER,,,,,
postgresql,BLACKBOARD_DATA_86CEF0C8178349C987653162F485EE67,CDM_LMS,ACTIVITY,ACCESSED_TIME,21,TIMESTAMP_LTZ,,,,,
postgresql,BLACKBOARD_DATA_86CEF0C8178349C987653162F485EE67,CDM_LMS,COURSE_TOOL,TOC_IND,8,BOOLEAN,,,,,
postgresql,BLACKBOARD_DATA_86CEF0C8178349C987653162F485EE67,CDM_LMS,GRADE,FIRST_GRADED_TIME,27,TIMESTAMP_LTZ,,,,,
postgresql,BLACKBOARD_DATA_86CEF0C8178349C987653162F485EE67,CDM_LMS,TERM,MODIFIED_TIME,14,TIMESTAMP_LTZ,,,,,
postgresql,BLACKBOARD_DATA_86CEF0C8178349C987653162F485EE67,CDM_LMS,ATTEMPT,INSTANCE_ID,2,NUMBER,,,,,
postgresql,BLACKBOARD_DATA_86CEF0C8178349C987653162F485EE67,CDM_LMS,PERSON_COURSE,ACT_AS_INSTRUCTOR_IND,16,BOOLEAN,,,,,
postgresql,BLACKBOARD_DATA_86CEF0C8178349C987653162F485EE67,CDM_LMS,ATTEMPT,STATUS,17,TEXT,16777216,,,,
postgresql,BLACKBOARD_DATA_86CEF0C8178349C987653162F485EE67,CDM_LMS,COURSE_TOOL_ACTIVITY,STAGE,15,OBJECT,,,,,
postgresql,BLACKBOARD_DATA_86CEF0C8178349C987653162F485EE67,CDM_LMS,EVALUABLE_COURSE_ITEM,SOURCE_ID,5,TEXT,16777216,,,,
postgresql,BLACKBOARD_DATA_86CEF0C8178349C987653162F485EE67,CDM_LMS,SUBMISSION,CREATED_TIME,18,TIMESTAMP_LTZ,,,,,
postgresql,BLACKBOARD_DATA_86CEF0C8178349C987653162F485EE67,CDM_LMS,ATTEMPT,EXEMPT_IND,20,BOOLEAN,,,,,
postgresql,BLACKBOARD_DATA_86CEF0C8178349C987653162F485EE67,CDM_LMS,TRANSLATION,LOCALE,4,TEXT,16777216,,,,
postgresql,BLACKBOARD_DATA_86CEF0C8178349C987653162F485EE67,CDM_LMS,EVALUATION,MODIFIED_TIME,21,TIMESTAMP_LTZ,,,,,
postgresql,BLACKBOARD_DATA_86CEF0C8178349C987653162F485EE67,CDM_META,BBD_CALCULATION_DETAIL,NAME,1,TEXT,16777216,,,,
postgresql,BLACKBOARD_DATA_86CEF0C8178349C987653162F485EE67,CDM_LMS,COURSE_GROUP_PERSON,ROW_UPDATED_TIME,9,TIMESTAMP_LTZ,,,,,
postgresql,BLACKBOARD_DATA_86CEF0C8178349C987653162F485EE67,CDM_LMS,COURSE,DESIGN_MODE,11,TEXT,16777216,,,,
postgresql,BLACKBOARD_DATA_86CEF0C8178349C987653162F485EE67,CDM_LMS,GRADEBOOK,MULTIPLE_ATTEMPTS_IND,19,BOOLEAN,,,,,
postgresql,BLACKBOARD_DATA_86CEF0C8178349C987653162F485EE67,CDM_MAP,COURSE,LMS_COURSE_ID,4,NUMBER,,,,,
postgresql,BLACKBOARD_DATA_86CEF0C8178349C987653162F485EE67,CDM_LMS,COURSE_CONTENT_ITEMS_GROUP,COURSE_GROUP_ID,5,NUMBER,,,,,
postgresql,BLACKBOARD_DATA_86CEF0C8178349C987653162F485EE67,CDM_LMS,EVALUABLE_ITEM,ID,1,NUMBER,,,,,
postgresql,BLACKBOARD_DATA_86CEF0C8178349C987653162F485EE67,CDM_MAP,COURSE,ID,1,NUMBER,,,,,
postgresql,BLACKBOARD_DATA_86CEF0C8178349C987653162F485EE67,CDM_LMS,ATTEMPT,PERSON_COURSE_ID,5,NUMBER,,,,,
postgresql,BLACKBOARD_DATA_86CEF0C8178349C987653162F485EE67,CDM_LMS,GRADE,CREATED_TIME,26,TIMESTAMP_LTZ,,,,,
postgresql,BLACKBOARD_DATA_86CEF0C8178349C987653162F485EE67,CDM_LMS,GRADEBOOK,AGGREGATION_MODEL_SOURCE_DESC,13,NUMBER,,,,,
postgresql,BLACKBOARD_DATA_86CEF0C8178349C987653162F485EE67,CDM_LMS,COURSE_ACTIVITY,SESSION_ACTIVITY_ID,6,NUMBER,,,,,
postgresql,BLACKBOARD_DATA_86CEF0C8178349C987653162F485EE67,CDM_MAP,INSTANCE,ROW_UPDATED_TIME,9,TIMESTAMP_LTZ,,,,,
postgresql,BLACKBOARD_DATA_86CEF0C8178349C987653162F485EE67,CDM_LMS,GRADEBOOK,DELETED_IND,17,BOOLEAN,,,,,
postgresql,BLACKBOARD_DATA_86CEF0C8178349C987653162F485EE67,CDM_LMS,TRANSLATION,USER_ENABLED_IND,11,BOOLEAN,,,,,
postgresql,BLACKBOARD_DATA_86CEF0C8178349C987653162F485EE67,CDM_LMS,PERSON,INSTANCE_ID,3,NUMBER,,,,,
postgresql,BLACKBOARD_DATA_86CEF0C8178349C987653162F485EE67,CDM_LMS,COURSE_ITEM,NAME,7,TEXT,16777216,,,,
postgresql,BLACKBOARD_DATA_86CEF0C8178349C987653162F485EE67,CDM_LMS,COURSE_CONTENT_ITEMS_GROUP,COURSE_ID,3,NUMBER,,,,,
postgresql,BLACKBOARD_DATA_86CEF0C8178349C987653162F485EE67,CDM_LMS,GRADEBOOK,USED_IN_CALCULATIONS_IND,20,BOOLEAN,,,,,
postgresql,BLACKBOARD_DATA_86CEF0C8178349C987653162F485EE67,CDM_LMS,SUBMISSION,ROW_INSERTED_TIME,14,TIMESTAMP_LTZ,,,,,
postgresql,BLACKBOARD_DATA_86CEF0C8178349C987653162F485EE67,CDM_LMS,PERSON_COURSE,ROW_DELETED_TIME,14,TIMESTAMP_LTZ,,,,,
postgresql,BLACKBOARD_DATA_86CEF0C8178349C987653162F485EE67,CDM_MAP,COURSE_ROOM,GLOBAL_INSTANCE_ID,2,NUMBER,,,,,
postgresql,BLACKBOARD_DATA_86CEF0C8178349C987653162F485EE67,CDM_LMS,COURSE_ACTIVITY,MOBILE_IND,16,BOOLEAN,,,,,
postgresql,BLACKBOARD_DATA_86CEF0C8178349C987653162F485EE67,CDM_LMS,TOOL,INSTANCE_ID,2,NUMBER,,,,,
postgresql,BLACKBOARD_DATA_86CEF0C8178349C987653162F485EE67,CDM_LMS,GOAL_COURSE_ITEM,CREATED_TIME,10,TIMESTAMP_LTZ,,,,,
postgresql,BLACKBOARD_DATA_86CEF0C8178349C987653162F485EE67,CDM_LMS,INSTANCE,ROW_INSERTED_TIME,7,TIMESTAMP_LTZ,,,,,
postgresql,BLACKBOARD_DATA_86CEF0C8178349C987653162F485EE67,CDM_LMS,TRANSLATION,TRANSLATION_VALUE,7,TEXT,16777216,,,,
postgresql,BLACKBOARD_DATA_86CEF0C8178349C987653162F485EE67,CDM_LMS,EVALUATION,ROW_INSERTED_TIME,17,TIMESTAMP_LTZ,,,,,
postgresql,BLACKBOARD_DATA_86CEF0C8178349C987653162F485EE67,CDM_LMS,GOAL,ROW_INSERTED_TIME,11,TIMESTAMP_LTZ,,,,,
postgresql,BLACKBOARD_DATA_86CEF0C8178349C987653162F485EE67,CDM_LMS,COURSE_ACTIVITY,ROW_DELETED_TIME,15,TIMESTAMP_LTZ,,,,,
postgresql,BLACKBOARD_DATA_86CEF0C8178349C987653162F485EE67,CDM_LMS,COURSE,START_TIME,26,TIMESTAMP_LTZ,,,,,
postgresql,BLACKBOARD_DATA_86CEF0C8178349C987653162F485EE67,CDM_LMS,COURSE_TOOL_ACTIVITY,TOOL_ID,8,NUMBER,,,,,
postgresql,BLACKBOARD_DATA_86CEF0C8178349C987653162F485EE67,CDM_LMS,COURSE_ITEM_ACTIVITY,PERSON_ID,6,NUMBER,,,,,
postgresql,BLACKBOARD_DATA_86CEF0C8178349C987653162F485EE67,CDM_LMS,COURSE_TOOL,ROW_UPDATED_TIME,11,TIMESTAMP_LTZ,,,,,
postgresql,BLACKBOARD_DATA_86CEF0C8178349C987653162F485EE67,CDM_LMS,EVALUABLE_COURSE_ITEM,COURSE_ITEM_ID,4,NUMBER,,,,,
postgresql,BLACKBOARD_DATA_86CEF0C8178349C987653162F485EE67,CDM_LMS,COURSE_GROUP,DESCRIPTION,6,TEXT,16777216,,,,
postgresql,BLACKBOARD_DATA_86CEF0C8178349C987653162F485EE67,CDM_LMS,COURSE_TOOL,TOOL_ID,4,NUMBER,,,,,
postgresql,BLACKBOARD_DATA_86CEF0C8178349C987653162F485EE67,CDM_LMS,ATTEMPT,MODIFIED_TIME,24,TIMESTAMP_LTZ,,,,,
postgresql,BLACKBOARD_DATA_86CEF0C8178349C987653162F485EE67,CDM_LMS,COURSE_TOOL_ACTIVITY,COURSE_ID,3,NUMBER,,,,,
postgresql,BLACKBOARD_DATA_86CEF0C8178349C987653162F485EE67,CDM_LMS,SESSION_ACTIVITY,PERSON_SOURCE_ID,5,TEXT,16777216,,,,
postgresql,BLACKBOARD_DATA_86CEF0C8178349C987653162F485EE67,CDM_MAP,COURSE,ROW_INSERTED_TIME,7,TIMESTAMP_LTZ,,,,,
postgresql,BLACKBOARD_DATA_86CEF0C8178349C987653162F485EE67,CDM_LMS,EVALUABLE_ITEM,ROW_DELETED_TIME,15,TIMESTAMP_LTZ,,,,,
postgresql,BLACKBOARD_DATA_86CEF0C8178349C987653162F485EE67,CDM_LMS,GRADE,VALID_IND,16,BOOLEAN,,,,,
postgresql,BLACKBOARD_DATA_86CEF0C8178349C987653162F485EE67,CDM_LMS,TOOL,DESIGN_MODE,8,TEXT,16777216,,,,
postgresql,BLACKBOARD_DATA_86CEF0C8178349C987653162F485EE67,CDM_LMS,TERM,INSTANCE_ID,2,NUMBER,,,,,
postgresql,BLACKBOARD_DATA_86CEF0C8178349C987653162F485EE67,CDM_LMS,ACTIVITY,COURSE_ID,4,NUMBER,,,,,
postgresql,BLACKBOARD_DATA_86CEF0C8178349C987653162F485EE67,CDM_LMS,GRADEBOOK,VISIBLE_IND,21,BOOLEAN,,,,,
postgresql,BLACKBOARD_DATA_86CEF0C8178349C987653162F485EE67,CDM_LMS,SUBMISSION,INSTANCE_ID,2,NUMBER,,,,,
postgresql,BLACKBOARD_DATA_86CEF0C8178349C987653162F485EE67,CDM_LMS,COURSE,DESIGN_MODE_SOURCE_CODE,12,TEXT,16777216,,,,
postgresql,BLACKBOARD_DATA_86CEF0C8178349C987653162F485EE67,CDM_LMS,EVALUATION,STAGE,16,OBJECT,,,,,
postgresql,BLACKBOARD_DATA_86CEF0C8178349C987653162F485EE67,CDM_LMS,GRADEBOOK,ROW_DELETED_TIME,25,TIMESTAMP_LTZ,,,,,
postgresql,BLACKBOARD_DATA_86CEF0C8178349C987653162F485EE67,CDM_LMS,TOOL,PLUGIN_VENDOR,6,TEXT,16777216,,,,
postgresql,BLACKBOARD_DATA_86CEF0C8178349C987653162F485EE67,CDM_LMS,TOOL,VISIBLE_IND,12,BOOLEAN,,,,,
postgresql,BLACKBOARD_DATA_86CEF0C8178349C987653162F485EE67,CDM_LMS,COURSE_ITEM,AVAILABLE_START_TIME,22,TIMESTAMP_LTZ,,,,,
postgresql,BLACKBOARD_DATA_86CEF0C8178349C987653162F485EE67,CDM_LMS,TRANSLATION,ROW_DELETED_TIME,15,TIMESTAMP_LTZ,,,,,
postgresql,BLACKBOARD_DATA_86CEF0C8178349C987653162F485EE67,CDM_LMS,INSTITUTION_HIERARCHY_PERMISSION,ROW_INSERTED_TIME,10,TIMESTAMP_LTZ,,,,,
postgresql,BLACKBOARD_DATA_86CEF0C8178349C987653162F485EE67,CDM_LMS,EVALUATION,POSSIBLE_SCORE,13,FLOAT,,,,,
postgresql,BLACKBOARD_DATA_86CEF0C8178349C987653162F485EE67,CDM_LMS,PERSON_COURSE,INSTANCE_ID,2,NUMBER,,,,,
postgresql,BLACKBOARD_DATA_86CEF0C8178349C987653162F485EE67,CDM_LMS,SUBMISSION,SUBMITTED_TIME,17,TIMESTAMP_LTZ,,,,,
postgresql,BLACKBOARD_DATA_86CEF0C8178349C987653162F485EE67,CDM_LMS,PERSON,INSTITUTION_ROLE_SOURCE_CODE,12,TEXT,16777216,,,,
postgresql,BLACKBOARD_DATA_86CEF0C8178349C987653162F485EE67,CDM_LMS,PERSON,LAST_NAME,6,TEXT,16777216,,,,
postgresql,BLACKBOARD_DATA_86CEF0C8178349C987653162F485EE67,CDM_MAP,PERSON,STAGE,7,OBJECT,,,,,
postgresql,BLACKBOARD_DATA_86CEF0C8178349C987653162F485EE67,CDM_LMS,EVALUABLE_COURSE_ITEM,ID,1,NUMBER,,,,,
postgresql,BLACKBOARD_DATA_86CEF0C8178349C987653162F485EE67,CDM_LMS,GOAL_COURSE_ITEM,ID,1,NUMBER,,,,,
postgresql,BLACKBOARD_DATA_86CEF0C8178349C987653162F485EE67,CDM_LMS,GRADE,PERSON_COURSE_ID,4,NUMBER,,,,,
postgresql,BLACKBOARD_DATA_86CEF0C8178349C987653162F485EE67,CDM_LMS,GOAL_COURSE_ITEM,ROW_INSERTED_TIME,7,TIMESTAMP_LTZ,,,,,
postgresql,BLACKBOARD_DATA_86CEF0C8178349C987653162F485EE67,CDM_LMS,COURSE,STAGE,20,OBJECT,,,,,
postgresql,BLACKBOARD_DATA_86CEF0C8178349C987653162F485EE67,CDM_LMS,PERSON,GLOBAL_PERSON_ID,2,NUMBER,,,,,
postgresql,BLACKBOARD_DATA_86CEF0C8178349C987653162F485EE67,CDM_LMS,COURSE_ITEM,ITEM_GROUP,9,TEXT,16777216,,,,
postgresql,BLACKBOARD_DATA_86CEF0C8178349C987653162F485EE67,CDM_LMS,COURSE_GROUP,ALLOW_STUDENT_RECORDINGS_IND,8,BOOLEAN,,,,,
postgresql,BLACKBOARD_DATA_86CEF0C8178349C987653162F485EE67,CDM_META,BBD_CALCULATION_DEFINITION,SOURCE_SCHEMA,2,TEXT,16777216,,,,
postgresql,BLACKBOARD_DATA_86CEF0C8178349C987653162F485EE67,CDM_LMS,GRADE,DESCRIPTION,7,TEXT,16777216,,,,
postgresql,BLACKBOARD_DATA_86CEF0C8178349C987653162F485EE67,CDM_LMS,PERSON,ROW_DELETED_TIME,22,TIMESTAMP_LTZ,,,,,
postgresql,BLACKBOARD_DATA_86CEF0C8178349C987653162F485EE67,CDM_LMS,TOOL,SOURCE_ID,3,TEXT,16777216,,,,
postgresql,BLACKBOARD_DATA_86CEF0C8178349C987653162F485EE67,CDM_LMS,EVALUABLE_COURSE_ITEM,PRIMARY_IND,6,BOOLEAN,,,,,
postgresql,BLACKBOARD_DATA_86CEF0C8178349C987653162F485EE67,CDM_LMS,GOAL,NAME,5,TEXT,16777216,,,,
postgresql,BLACKBOARD_DATA_86CEF0C8178349C987653162F485EE67,CDM_LMS,PERSON,INSTITUTION_ROLE_SOURCE_DESC,13,TEXT,16777216,,,,
postgresql,BLACKBOARD_DATA_86CEF0C8178349C987653162F485EE67,CDM_LMS,GRADEBOOK,MODIFIED_TIME,26,TIMESTAMP_LTZ,,,,,
postgresql,BLACKBOARD_DATA_86CEF0C8178349C987653162F485EE67,CDM_LMS,INSTITUTION_HIERARCHY,DESCRIPTION,6,TEXT,16777216,,,,
postgresql,BLACKBOARD_DATA_86CEF0C8178349C987653162F485EE67,CDM_LMS,ACTIVITY,ID,1,NUMBER,,,,,
postgresql,BLACKBOARD_DATA_86CEF0C8178349C987653162F485EE67,CDM_LMS,GRADEBOOK,INSTANCE_ID,2,NUMBER,,,,,
postgresql,BLACKBOARD_DATA_86CEF0C8178349C987653162F485EE67,CDM_LMS,COURSE_TOOL,STAGE,9,OBJECT,,,,,
postgresql,BLACKBOARD_DATA_86CEF0C8178349C987653162F485EE67,CDM_LMS,TOOL,ROW_DELETED_TIME,16,TIMESTAMP_LTZ,,,,,
postgresql,BLACKBOARD_DATA_86CEF0C8178349C987653162F485EE67,CDM_LMS,INSTITUTION_HIERARCHY_PERMISSION,STAGE,9,OBJECT,,,,,
postgresql,BLACKBOARD_DATA_86CEF0C8178349C987653162F485EE67,CDM_MAP,PERSON,ID,1,NUMBER,,,,,
postgresql,BLACKBOARD_DATA_86CEF0C8178349C987653162F485EE67,CDM_LMS,COURSE_GROUP,ROW_DELETED_TIME,14,TIMESTAMP_LTZ,,,,,
postgresql,BLACKBOARD_DATA_86CEF0C8178349C987653162F485EE67,CDM_LMS,GRADE,ATTEMPTED_TIME,28,TIMESTAMP_LTZ,,,,,
postgresql,BLACKBOARD_DATA_86CEF0C8178349C987653162F485EE67,CDM_LMS,ATTEMPT,SOURCE_ID,7,TEXT,16777216,,,,
postgresql,BLACKBOARD_DATA_86CEF0C8178349C987653162F485EE67,CDM_LMS,COURSE,START_DATE,8,DATE,,,,,
postgresql,BLACKBOARD_DATA_86CEF0C8178349C987653162F485EE67,CDM_LMS,COURSE_CONTENT_ITEMS_REVIEWED,MODIFIED_TIME,11,TIMESTAMP_LTZ,,,,,
postgresql,BLACKBOARD_DATA_86CEF0C8178349C987653162F485EE67,CDM_LMS,ATTEMPT,TEXT_FORMAT_TYPE,14,TEXT,16777216,,,,
postgresql,BLACKBOARD_DATA_86CEF0C8178349C987653162F485EE67,CDM_LMS,INSTITUTION_HIERARCHY_COURSE,INSTANCE_ID,2,NUMBER,,,,,
postgresql,BLACKBOARD_DATA_86CEF0C8178349C987653162F485EE67,CDM_LMS,COURSE_TOOL_ACTIVITY,PERSON_COURSE_ID,4,NUMBER,,,,,
postgresql,BLACKBOARD_DATA_86CEF0C8178349C987653162F485EE67,CDM_LMS,COURSE_ITEM_ACTIVITY,LOGIN_SOURCE_ID,10,TEXT,16777216,,,,
postgresql,BLACKBOARD_DATA_86CEF0C8178349C987653162F485EE67,CDM_LMS,TERM,START_DATE,6,DATE,,,,,
postgresql,BLACKBOARD_DATA_86CEF0C8178349C987653162F485EE67,CDM_LMS,COURSE_CONTENT_ITEMS_GROUP,SOURCE_ID,4,TEXT,16777216,,,,
postgresql,BLACKBOARD_DATA_86CEF0C8178349C987653162F485EE67,CDM_LMS,COURSE_ITEM_ACTIVITY,MOBILE_IND,18,BOOLEAN,,,,,
postgresql,BLACKBOARD_DATA_86CEF0C8178349C987653162F485EE67,CDM_LMS,SESSION_ACTIVITY,STAGE,9,OBJECT,,,,,
postgresql,BLACKBOARD_DATA_86CEF0C8178349C987653162F485EE67,CDM_LMS,PERSON_COURSE,AVAILABLE_IND,9,BOOLEAN,,,,,
postgresql,BLACKBOARD_DATA_86CEF0C8178349C987653162F485EE67,CDM_LMS,SUBMISSION,ITEM_TYPE_SOURCE_CODE,11,TEXT,16777216,,,,
postgresql,BLACKBOARD_DATA_86CEF0C8178349C987653162F485EE67,CDM_LMS,COURSE_TOOL_ACTIVITY,TOOL_SOURCE_ID,12,TEXT,16777216,,,,
postgresql,BLACKBOARD_DATA_86CEF0C8178349C987653162F485EE67,CDM_LMS,ATTEMPT,LAST_ATTEMPT_IND,22,BOOLEAN,,,,,
postgresql,BLACKBOARD_DATA_86CEF0C8178349C987653162F485EE67,CDM_LMS,EVALUATION,SCORE,12,FLOAT,,,,,
postgresql,BLACKBOARD_DATA_86CEF0C8178349C987653162F485EE67,CDM_MAP,COURSE_ROOM,CLB_ROOM_ID,5,NUMBER,,,,,
postgresql,BLACKBOARD_DATA_86CEF0C8178349C987653162F485EE67,CDM_LMS,GOAL_COURSE_ITEM,STAGE,6,OBJECT,,,,,
postgresql,BLACKBOARD_DATA_86CEF0C8178349C987653162F485EE67,CDM_LMS,GOAL,CATEGORY,6,TEXT,16777216,,,,
postgresql,BLACKBOARD_DATA_86CEF0C8178349C987653162F485EE67,CDM_LMS,COURSE_ITEM,SOURCE_ID,6,TEXT,16777216,,,,
postgresql,BLACKBOARD_DATA_86CEF0C8178349C987653162F485EE67,CDM_LMS,PERSON,COMPANY,27,TEXT,16777216,,,,
postgresql,BLACKBOARD_DATA_86CEF0C8178349C987653162F485EE67,CDM_LMS,EVALUABLE_ITEM,TYPE,9,TEXT,16777216,,,,
postgresql,BLACKBOARD_DATA_86CEF0C8178349C987653162F485EE67,CDM_LMS,TOOL,PLUGIN_DESC,5,TEXT,16777216,,,,
postgresql,BLACKBOARD_DATA_86CEF0C8178349C987653162F485EE67,CDM_LMS,EVALUABLE_ITEM,EVALUABLE_ITEM_PARENT_ID,5,NUMBER,,,,,
postgresql,BLACKBOARD_DATA_86CEF0C8178349C987653162F485EE67,CDM_LMS,PERSON_COURSE,COURSE_ROLE_SOURCE_DESC,8,TEXT,16777216,,,,
postgresql,BLACKBOARD_DATA_86CEF0C8178349C987653162F485EE67,CDM_LMS,INSTITUTION_HIERARCHY,STAGE,9,OBJECT,,,,,
postgresql,BLACKBOARD_DATA_86CEF0C8178349C987653162F485EE67,CDM_LMS,COURSE_ACTIVITY,STAGE,12,OBJECT,,,,,
postgresql,BLACKBOARD_DATA_86CEF0C8178349C987653162F485EE67,CDM_LMS,TRANSLATION,ID,1,NUMBER,,,,,
postgresql,BLACKBOARD_DATA_86CEF0C8178349C987653162F485EE67,CDM_LMS,INSTITUTION_HIERARCHY_PERMISSION,INSTITUTIONAL_HIERARCHY_LEVEL_1,4,TEXT,16777216,,,,
postgresql,BLACKBOARD_DATA_86CEF0C8178349C987653162F485EE67,CDM_LMS,INSTITUTION_HIERARCHY,INSTITUTION_HIERARCHY_PARENT_ID,3,NUMBER,,,,,
postgresql,BLACKBOARD_DATA_86CEF0C8178349C987653162F485EE67,CDM_LMS,INSTITUTION_HIERARCHY,NAME,5,TEXT,16777216,,,,
postgresql,BLACKBOARD_DATA_86CEF0C8178349C987653162F485EE67,CDM_LMS,COURSE_ITEM_ACTIVITY,ROW_INSERTED_TIME,15,TIMESTAMP_LTZ,,,,,
postgresql,BLACKBOARD_DATA_86CEF0C8178349C987653162F485EE67,CDM_LMS,EVALUABLE_ITEM,ROW_UPDATED_TIME,14,TIMESTAMP_LTZ,,,,,
postgresql,BLACKBOARD_DATA_86CEF0C8178349C987653162F485EE67,CDM_LMS,PERSON,ROW_INSERTED_TIME,20,TIMESTAMP_LTZ,,,,,
postgresql,BLACKBOARD_DATA_86CEF0C8178349C987653162F485EE67,CDM_LMS,COURSE_CONTENT_ITEMS_GROUP,STARTED_IND,10,BOOLEAN,,,,,
postgresql,BLACKBOARD_DATA_86CEF0C8178349C987653162F485EE67,CDM_LMS,TERM,ROW_DELETED_TIME,13,TIMESTAMP_LTZ,,,,,
postgresql,BLACKBOARD_DATA_86CEF0C8178349C987653162F485EE67,CDM_MAP,COURSE_ROOM,STAGE,6,OBJECT,,,,,
postgresql,BLACKBOARD_DATA_86CEF0C8178349C987653162F485EE67,CDM_LMS,ATTEMPT,CREATED_TIME,23,TIMESTAMP_LTZ,,,,,
postgresql,BLACKBOARD_DATA_86CEF0C8178349C987653162F485EE67,CDM_LMS,EVALUABLE_ITEM,SOURCE_ID,6,TEXT,16777216,,,,
postgresql,BLACKBOARD_DATA_86CEF0C8178349C987653162F485EE67,CDM_LMS,TERM,ID,1,NUMBER,,,,,
postgresql,BLACKBOARD_DATA_86CEF0C8178349C987653162F485EE67,CDM_LMS,PERSON_COURSE,PERSON_ID,4,NUMBER,,,,,
postgresql,BLACKBOARD_DATA_86CEF0C8178349C987653162F485EE67,CDM_LMS,COURSE_ITEM_ACTIVITY,COURSE_ITEM_SOURCE_ID,9,TEXT,16777216,,,,
postgresql,BLACKBOARD_DATA_86CEF0C8178349C987653162F485EE67,CDM_LMS,COURSE_ITEM,ITEM_TYPE,10,TEXT,16777216,,,,
postgresql,BLACKBOARD_DATA_86CEF0C8178349C987653162F485EE67,CDM_LMS,SESSION_ACTIVITY,ROW_UPDATED_TIME,11,TIMESTAMP_LTZ,,,,,
postgresql,BLACKBOARD_DATA_86CEF0C8178349C987653162F485EE67,CDM_LMS,TOOL,ROW_INSERTED_TIME,14,TIMESTAMP_LTZ,,,,,
postgresql,BLACKBOARD_DATA_86CEF0C8178349C987653162F485EE67,CDM_LMS,TRANSLATION,INSTANCE_ID,2,NUMBER,,,,,
postgresql,BLACKBOARD_DATA_86CEF0C8178349C987653162F485EE67,CDM_LMS,GRADEBOOK,COURSE_ID,3,NUMBER,,,,,
postgresql,BLACKBOARD_DATA_86CEF0C8178349C987653162F485EE67,CDM_LMS,ATTEMPT,SCORE,8,FLOAT,,,,,
postgresql,BLACKBOARD_DATA_86CEF0C8178349C987653162F485EE67,CDM_LMS,COURSE_ACTIVITY,ID,1,NUMBER,,,,,
postgresql,BLACKBOARD_DATA_86CEF0C8178349C987653162F485EE67,CDM_LMS,PERSON,FIRST_NAME,5,TEXT,16777216,,,,
postgresql,BLACKBOARD_DATA_86CEF0C8178349C987653162F485EE67,CDM_LMS,COURSE_ITEM,PARENT_COURSE_ITEM_ID,24,NUMBER,,,,,
postgresql,BLACKBOARD_DATA_86CEF0C8178349C987653162F485EE67,CDM_LMS,INSTITUTION_HIERARCHY,HIERARCHY_ID_SEQ,7,TEXT,16777216,,,,
postgresql,BLACKBOARD_DATA_86CEF0C8178349C987653162F485EE67,CDM_LMS,COURSE_TOOL_ACTIVITY,ID,1,NUMBER,,,,,
postgresql,BLACKBOARD_DATA_86CEF0C8178349C987653162F485EE67,CDM_LMS,SUBMISSION,COURSE_ITEM_ID,4,NUMBER,,,,,
postgresql,BLACKBOARD_DATA_86CEF0C8178349C987653162F485EE67,CDM_LMS,TRANSLATION,ROW_UPDATED_TIME,14,TIMESTAMP_LTZ,,,,,
postgresql,BLACKBOARD_DATA_86CEF0C8178349C987653162F485EE67,CDM_LMS,GRADE,ROW_UPDATED_TIME,19,TIMESTAMP_LTZ,,,,,
postgresql,BLACKBOARD_DATA_86CEF0C8178349C987653162F485EE67,CDM_LMS,TOOL,TOOL_TYPE,7,TEXT,16777216,,,,
postgresql,BLACKBOARD_DATA_86CEF0C8178349C987653162F485EE67,CDM_LMS,INSTITUTION_HIERARCHY_PERMISSION,ID,1,NUMBER,,,,,
postgresql,BLACKBOARD_DATA_86CEF0C8178349C987653162F485EE67,CDM_LMS,COURSE_TOOL_ACTIVITY,ROW_UPDATED_TIME,17,TIMESTAMP_LTZ,,,,,
postgresql,BLACKBOARD_DATA_86CEF0C8178349C987653162F485EE67,CDM_LMS,SUBMISSION,NAME,7,TEXT,16777216,,,,
postgresql,BLACKBOARD_DATA_86CEF0C8178349C987653162F485EE67,CDM_LMS,PERSON,DEPARTMENT,26,TEXT,16777216,,,,
postgresql,BLACKBOARD_DATA_86CEF0C8178349C987653162F485EE67,CDM_LMS,COURSE_ITEM_ACTIVITY,COURSE_ITEM_ID,4,NUMBER,,,,,
postgresql,BLACKBOARD_DATA_86CEF0C8178349C987653162F485EE67,CDM_LMS,SUBMISSION,SOURCE_ID,6,TEXT,16777216,,,,
postgresql,BLACKBOARD_DATA_86CEF0C8178349C987653162F485EE67,CDM_LMS,TOOL,ROW_UPDATED_TIME,15,TIMESTAMP_LTZ,,,,,
postgresql,BLACKBOARD_DATA_86CEF0C8178349C987653162F485EE67,CDM_LMS,GRADE,NAME,6,TEXT,16777216,,,,
postgresql,BLACKBOARD_DATA_86CEF0C8178349C987653162F485EE67,CDM_LMS,GOAL,LEVEL,7,TEXT,16777216,,,,
postgresql,BLACKBOARD_DATA_86CEF0C8178349C987653162F485EE67,CDM_LMS,COURSE_TOOL,ID,1,NUMBER,,,,,
postgresql,BLACKBOARD_DATA_86CEF0C8178349C987653162F485EE67,CDM_LMS,COURSE_TOOL_ACTIVITY,INTERACTION_CNT,14,NUMBER,,,,,
postgresql,BLACKBOARD_DATA_86CEF0C8178349C987653162F485EE67,CDM_LMS,INSTANCE,ID,1,NUMBER,,,,,
postgresql,BLACKBOARD_DATA_86CEF0C8178349C987653162F485EE67,CDM_LMS,EVALUATION,SOURCE_ID,7,TEXT,16777216,,,,
postgresql,BLACKBOARD_DATA_86CEF0C8178349C987653162F485EE67,CDM_LMS,TRANSLATION,TRANSLATION_KEY,6,TEXT,16777216,,,,
postgresql,BLACKBOARD_DATA_86CEF0C8178349C987653162F485EE67,CDM_LMS,COURSE_CONTENT_ITEMS_GROUP,ROW_DELETED_TIME,14,TIMESTAMP_LTZ,,,,,
postgresql,BLACKBOARD_DATA_86CEF0C8178349C987653162F485EE67,CDM_LMS,ACTIVITY,INSTANCE_ID,2,NUMBER,,,,,
postgresql,BLACKBOARD_DATA_86CEF0C8178349C987653162F485EE67,CDM_LMS,COURSE_CONTENT_ITEMS_REVIEWED,SOURCE_ID,3,TEXT,16777216,,,,
postgresql,BLACKBOARD_DATA_86CEF0C8178349C987653162F485EE67,CDM_LMS,INSTITUTION_HIERARCHY_COURSE,ROW_UPDATED_TIME,9,TIMESTAMP_LTZ,,,,,
postgresql,BLACKBOARD_DATA_86CEF0C8178349C987653162F485EE67,CDM_LMS,INSTITUTION_HIERARCHY_PERMISSION,INSTITUTIONAL_HIERARCHY_LEVEL_3,6,TEXT,16777216,,,,
postgresql,BLACKBOARD_DATA_86CEF0C8178349C987653162F485EE67,CDM_LMS,SUBMISSION,ROW_DELETED_TIME,16,TIMESTAMP_LTZ,,,,,
postgresql,BLACKBOARD_DATA_86CEF0C8178349C987653162F485EE67,CDM_LMS,COURSE_ACTIVITY,INSTANCE_ID,2,NUMBER,,,,,
postgresql,BLACKBOARD_DATA_86CEF0C8178349C987653162F485EE67,CDM_LMS,GRADE,LAST_GRADED_TIME,21,TIMESTAMP_LTZ,,,,,
postgresql,BLACKBOARD_DATA_86CEF0C8178349C987653162F485EE67,CDM_LMS,EVALUABLE_COURSE_ITEM,EVALUABLE_ITEM_ID,3,NUMBER,,,,,
postgresql,BLACKBOARD_DATA_86CEF0C8178349C987653162F485EE67,CDM_LMS,COURSE_ACTIVITY,INTERACTION_CNT,11,NUMBER,,,,,
postgresql,BLACKBOARD_DATA_86CEF0C8178349C987653162F485EE67,CDM_LMS,COURSE_ITEM_ACTIVITY,COURSE_ID,3,NUMBER,,,,,
postgresql,BLACKBOARD_DATA_86CEF0C8178349C987653162F485EE67,CDM_LMS,COURSE_ITEM,FILE_SIZE_SUM,14,NUMBER,,,,,
postgresql,BLACKBOARD_DATA_86CEF0C8178349C987653162F485EE67,CDM_META,CANON_DEFINITION,CANON_DESC,4,TEXT,16777216,,,,
postgresql,BLACKBOARD_DATA_86CEF0C8178349C987653162F485EE67,CDM_LMS,COURSE_ITEM,MODIFIED_TIME,19,TIMESTAMP_LTZ,,,,,
postgresql,BLACKBOARD_DATA_86CEF0C8178349C987653162F485EE67,CDM_LMS,GRADEBOOK,GRADES_RELEASED_IND,29,BOOLEAN,,,,,
postgresql,BLACKBOARD_DATA_86CEF0C8178349C987653162F485EE67,CDM_LMS,COURSE,ENABLED_IND,19,BOOLEAN,,,,,
postgresql,BLACKBOARD_DATA_86CEF0C8178349C987653162F485EE67,CDM_LMS,COURSE_CONTENT_ITEMS_GROUP,NAME,7,TEXT,16777216,,,,
postgresql,BLACKBOARD_DATA_86CEF0C8178349C987653162F485EE67,CDM_LMS,COURSE_TOOL,AVAILABLE_IND,7,BOOLEAN,,,,,
postgresql,BLACKBOARD_DATA_86CEF0C8178349C987653162F485EE67,CDM_LMS,INSTANCE,TYPE,5,TEXT,16777216,,,,
postgresql,BLACKBOARD_DATA_86CEF0C8178349C987653162F485EE67,CDM_LMS,COURSE_TOOL_ACTIVITY,ROW_INSERTED_TIME,16,TIMESTAMP_LTZ,,,,,
postgresql,BLACKBOARD_DATA_86CEF0C8178349C987653162F485EE67,CDM_LMS,ATTEMPT,FEEDBACK_FORMAT_TYPE,12,TEXT,16777216,,,,
postgresql,BLACKBOARD_DATA_86CEF0C8178349C987653162F485EE67,CDM_LMS,ATTEMPT,STATUS_SOURCE_CODE,18,NUMBER,,,,,
postgresql,BLACKBOARD_DATA_86CEF0C8178349C987653162F485EE67,CDM_LMS,TRANSLATION,ENABLED_IND,8,BOOLEAN,,,,,
postgresql,BLACKBOARD_DATA_86CEF0C8178349C987653162F485EE67,CDM_LMS,GOAL,ROW_DELETED_TIME,13,TIMESTAMP_LTZ,,,,,
postgresql,BLACKBOARD_DATA_86CEF0C8178349C987653162F485EE67,CDM_LMS,COURSE_ACTIVITY,PERSON_COURSE_ID,4,NUMBER,,,,,
postgresql,BLACKBOARD_DATA_86CEF0C8178349C987653162F485EE67,CDM_LMS,COURSE_GROUP,SOURCE_ID,4,TEXT,16777216,,,,
postgresql,BLACKBOARD_DATA_86CEF0C8178349C987653162F485EE67,CDM_MAP,COURSE_ROOM,ROW_UPDATED_TIME,8,TIMESTAMP_LTZ,,,,,
postgresql,BLACKBOARD_DATA_86CEF0C8178349C987653162F485EE67,CDM_LMS,COURSE_ITEM_ACTIVITY,ID,1,NUMBER,,,,,
postgresql,BLACKBOARD_DATA_86CEF0C8178349C987653162F485EE67,CDM_LMS,COURSE_ACTIVITY,ROW_UPDATED_TIME,14,TIMESTAMP_LTZ,,,,,
postgresql,BLACKBOARD_DATA_86CEF0C8178349C987653162F485EE67,CDM_LMS,SUBMISSION,ITEM_TYPE,10,TEXT,16777216,,,,
postgresql,BLACKBOARD_DATA_86CEF0C8178349C987653162F485EE67,CDM_LMS,COURSE,ROW_UPDATED_TIME,22,TIMESTAMP_LTZ,,,,,
postgresql,BLACKBOARD_DATA_86CEF0C8178349C987653162F485EE67,CDM_LMS,GOAL_COURSE_ITEM,ROW_UPDATED_TIME,8,TIMESTAMP_LTZ,,,,,
postgresql,BLACKBOARD_DATA_86CEF0C8178349C987653162F485EE67,CDM_LMS,COURSE_ITEM,CONTENT_POSITION,25,NUMBER,,,,,
postgresql,BLACKBOARD_DATA_86CEF0C8178349C987653162F485EE67,CDM_LMS,GRADEBOOK,AGGREGATION_MODEL,11,TEXT,16777216,,,,
postgresql,BLACKBOARD_DATA_86CEF0C8178349C987653162F485EE67,CDM_LMS,SESSION_ACTIVITY,LOGIN_SOURCE_ID,4,TEXT,16777216,,,,
postgresql,BLACKBOARD_DATA_86CEF0C8178349C987653162F485EE67,CDM_LMS,GOAL,GOAL_PARENT_ID,3,NUMBER,,,,,
postgresql,BLACKBOARD_DATA_86CEF0C8178349C987653162F485EE67,CDM_LMS,GOAL,SOURCE_ID,4,TEXT,16777216,,,,
postgresql,BLACKBOARD_DATA_86CEF0C8178349C987653162F485EE67,CDM_LMS,PERSON_COURSE,PRIMARY_INSTRUCTOR_IND,21,BOOLEAN,,,,,
postgresql,BLACKBOARD_DATA_86CEF0C8178349C987653162F485EE67,CDM_LMS,ATTEMPT,STUDENT_NOTES,13,TEXT,16777216,,,,
postgresql,BLACKBOARD_DATA_86CEF0C8178349C987653162F485EE67,CDM_LMS,ACTIVITY,PERSON_SOURCE_ID,10,TEXT,16777216,,,,
postgresql,BLACKBOARD_DATA_86CEF0C8178349C987653162F485EE67,CDM_LMS,COURSE_ITEM_ACTIVITY,ROW_UPDATED_TIME,16,TIMESTAMP_LTZ,,,,,
postgresql,BLACKBOARD_DATA_86CEF0C8178349C987653162F485EE67,CDM_LMS,COURSE_CONTENT_ITEMS_GROUP,COURSE_ITEM_ID,6,NUMBER,,,,,
postgresql,BLACKBOARD_DATA_86CEF0C8178349C987653162F485EE67,CDM_LMS,SESSION_ACTIVITY,DURATION_SUM,6,NUMBER,,,,,
postgresql,BLACKBOARD_DATA_86CEF0C8178349C987653162F485EE67,CDM_LMS,ACTIVITY,LOGIN_SOURCE_ID,9,TEXT,16777216,,,,
postgresql,BLACKBOARD_DATA_86CEF0C8178349C987653162F485EE67,CDM_LMS,GRADE,ID,1,NUMBER,,,,,
postgresql,BLACKBOARD_DATA_86CEF0C8178349C987653162F485EE67,CDM_LMS,COURSE_TOOL_ACTIVITY,DURATION_SUM,13,NUMBER,,,,,
postgresql,BLACKBOARD_DATA_86CEF0C8178349C987653162F485EE67,CDM_LMS,PERSON_COURSE,ROW_INSERTED_TIME,12,TIMESTAMP_LTZ,,,,,
postgresql,BLACKBOARD_DATA_86CEF0C8178349C987653162F485EE67,CDM_LMS,ACTIVITY,COURSE_ITEM_SOURCE_ID,8,TEXT,16777216,,,,
postgresql,BLACKBOARD_DATA_86CEF0C8178349C987653162F485EE67,CDM_LMS,PERSON_COURSE,TIME_LIMIT_EXCEPTION,19,NUMBER,,,,,
postgresql,BLACKBOARD_DATA_86CEF0C8178349C987653162F485EE67,CDM_LMS,ATTEMPT,GRADEBOOK_ID,4,NUMBER,,,,,
postgresql,BLACKBOARD_DATA_86CEF0C8178349C987653162F485EE67,CDM_LMS,INSTITUTION_HIERARCHY_COURSE,ID,1,NUMBER,,,,,
postgresql,BLACKBOARD_DATA_86CEF0C8178349C987653162F485EE67,CDM_MAP,INSTANCE,GLOBAL_INSTANCE_ID,1,NUMBER,,,,,
postgresql,BLACKBOARD_DATA_86CEF0C8178349C987653162F485EE67,CDM_LMS,PERSON_COURSE,MODIFIED_TIME,15,TIMESTAMP_LTZ,,,,,
postgresql,BLACKBOARD_DATA_86CEF0C8178349C987653162F485EE67,CDM_LMS,ATTEMPT,INSTRUCTOR_NOTES,15,TEXT,16777216,,,,
postgresql,BLACKBOARD_DATA_86CEF0C8178349C987653162F485EE67,CDM_LMS,GRADEBOOK,DESCRIPTION,7,TEXT,16777216,,,,
postgresql,BLACKBOARD_DATA_86CEF0C8178349C987653162F485EE67,CDM_LMS,TOOL,STAGE,13,OBJECT,,,,,
postgresql,BLACKBOARD_DATA_86CEF0C8178349C987653162F485EE67,CDM_MAP,INSTANCE,ROW_INSERTED_TIME,8,TIMESTAMP_LTZ,,,,,
postgresql,BLACKBOARD_DATA_86CEF0C8178349C987653162F485EE67,CDM_LMS,COURSE_GROUP,COURSE_ID,3,NUMBER,,,,,
postgresql,BLACKBOARD_DATA_86CEF0C8178349C987653162F485EE67,CDM_LMS,TRANSLATION,ORGANIZATION_ENABLED_IND,10,BOOLEAN,,,,,
postgresql,BLACKBOARD_DATA_86CEF0C8178349C987653162F485EE67,CDM_MAP,INSTANCE,LMS_INSTANCE_SOURCE_ID,4,TEXT,16777216,,,,
postgresql,BLACKBOARD_DATA_86CEF0C8178349C987653162F485EE67,CDM_LMS,INSTITUTION_HIERARCHY_PERMISSION,USER_ID,3,TEXT,16777216,,,,
postgresql,BLACKBOARD_DATA_86CEF0C8178349C987653162F485EE67,CDM_LMS,GRADEBOOK,CREATED_TIME,27,TIMESTAMP_LTZ,,,,,
postgresql,BLACKBOARD_DATA_86CEF0C8178349C987653162F485EE67,CDM_LMS,COURSE_ACTIVITY,ROW_INSERTED_TIME,13,TIMESTAMP_LTZ,,,,,
postgresql,BLACKBOARD_DATA_86CEF0C8178349C987653162F485EE67,CDM_LMS,COURSE_CONTENT_ITEMS_REVIEWED,PERSON_COURSE_ID,6,NUMBER,,,,,
postgresql,BLACKBOARD_DATA_86CEF0C8178349C987653162F485EE67,CDM_MAP,COURSE,SOURCE_ID,3,TEXT,16777216,,,,
postgresql,BLACKBOARD_DATA_86CEF0C8178349C987653162F485EE67,CDM_MAP,COURSE,GLOBAL_INSTANCE_ID,2,NUMBER,,,,,
postgresql,BLACKBOARD_DATA_86CEF0C8178349C987653162F485EE67,CDM_LMS,EVALUABLE_ITEM,COURSE_ID,3,NUMBER,,,,,
postgresql,BLACKBOARD_DATA_86CEF0C8178349C987653162F485EE67,CDM_LMS,TERM,STAGE,10,OBJECT,,,,,
postgresql,BLACKBOARD_DATA_86CEF0C8178349C987653162F485EE67,CDM_META,CANON_DEFINITION,SOURCE_DOMAIN,1,TEXT,16777216,,,,
postgresql,BLACKBOARD_DATA_86CEF0C8178349C987653162F485EE67,CDM_LMS,GRADEBOOK,NAME,6,TEXT,16777216,,,,
postgresql,BLACKBOARD_DATA_86CEF0C8178349C987653162F485EE67,CDM_LMS,COURSE_ITEM_ACTIVITY,DURATION_SUM,12,NUMBER,,,,,
postgresql,BLACKBOARD_DATA_86CEF0C8178349C987653162F485EE67,CDM_MAP,PERSON,SIS_STAFF_ID,10,NUMBER,,,,,
postgresql,BLACKBOARD_DATA_86CEF0C8178349C987653162F485EE67,CDM_LMS,GRADEBOOK,ID,1,NUMBER,,,,,
postgresql,BLACKBOARD_DATA_86CEF0C8178349C987653162F485EE67,CDM_LMS,INSTANCE,SOURCE_ID,2,TEXT,16777216,,,,
postgresql,BLACKBOARD_DATA_86CEF0C8178349C987653162F485EE67,CDM_LMS,COURSE_ITEM,DESCRIPTION,8,TEXT,16777216,,,,
postgresql,BLACKBOARD_DATA_86CEF0C8178349C987653162F485EE67,CDM_LMS,GRADE,SCORE,10,FLOAT,,,,,
postgresql,BLACKBOARD_DATA_86CEF0C8178349C987653162F485EE67,CDM_LMS,COURSE_ITEM_ACTIVITY,LAST_ACCESSED_TIME,20,TIMESTAMP_LTZ,,,,,
postgresql,BLACKBOARD_DATA_86CEF0C8178349C987653162F485EE67,CDM_LMS,COURSE,END_DATE,9,DATE,,,,,
postgresql,BLACKBOARD_DATA_86CEF0C8178349C987653162F485EE67,CDM_LMS,COURSE_GROUP_PERSON,COURSE_GROUP_ID,3,NUMBER,,,,,
postgresql,BLACKBOARD_DATA_86CEF0C8178349C987653162F485EE67,CDM_LMS,SESSION_ACTIVITY,INSTANCE_ID,2,NUMBER,,,,,
postgresql,BLACKBOARD_DATA_86CEF0C8178349C987653162F485EE67,CDM_LMS,SESSION_ACTIVITY,ID,1,NUMBER,,,,,
postgresql,BLACKBOARD_DATA_86CEF0C8178349C987653162F485EE67,CDM_LMS,EVALUABLE_ITEM,INSTANCE_ID,2,NUMBER,,,,,
postgresql,BLACKBOARD_DATA_86CEF0C8178349C987653162F485EE67,CDM_LMS,COURSE_ITEM_ACTIVITY,PERSON_COURSE_ID,5,NUMBER,,,,,
postgresql,BLACKBOARD_DATA_86CEF0C8178349C987653162F485EE67,CDM_LMS,EVALUATION,EVALUABLE_ITEM_ID,3,NUMBER,,,,,
postgresql,BLACKBOARD_DATA_86CEF0C8178349C987653162F485EE67,CDM_LMS,PERSON,SYSTEM_ROLE_SOURCE_CODE,15,TEXT,16777216,,,,
postgresql,BLACKBOARD_DATA_86CEF0C8178349C987653162F485EE67,CDM_LMS,PERSON,SOURCE_ID,4,TEXT,16777216,,,,
postgresql,BLACKBOARD_DATA_86CEF0C8178349C987653162F485EE67,CDM_LMS,TERM,DESCRIPTION,5,TEXT,16777216,,,,
postgresql,BLACKBOARD_DATA_86CEF0C8178349C987653162F485EE67,CDM_LMS,GRADE,GRADED_CNT,14,NUMBER,,,,,
postgresql,BLACKBOARD_DATA_86CEF0C8178349C987653162F485EE67,CDM_LMS,COURSE_ACTIVITY,LAST_ACCESSED_TIME,18,TIMESTAMP_LTZ,,,,,
postgresql,BLACKBOARD_DATA_86CEF0C8178349C987653162F485EE67,CDM_LMS,COURSE_ITEM_ACTIVITY,COURSE_SOURCE_ID,8,TEXT,16777216,,,,
postgresql,BLACKBOARD_DATA_86CEF0C8178349C987653162F485EE67,CDM_LMS,ATTEMPT,GRADE_ID,3,NUMBER,,,,,
postgresql,BLACKBOARD_DATA_86CEF0C8178349C987653162F485EE67,CDM_LMS,COURSE_ITEM,ROW_INSERTED_TIME,16,TIMESTAMP_LTZ,,,,,
postgresql,BLACKBOARD_DATA_86CEF0C8178349C987653162F485EE67,CDM_LMS,COURSE_GROUP_PERSON,COURSE_ID,4,NUMBER,,,,,
postgresql,BLACKBOARD_DATA_86CEF0C8178349C987653162F485EE67,CDM_LMS,GRADE,INSTANCE_ID,2,NUMBER,,,,,
postgresql,BLACKBOARD_DATA_86CEF0C8178349C987653162F485EE67,CDM_LMS,GRADEBOOK,CALCULATION_TYPE_SOURCE_DESC,16,TEXT,16777216,,,,
postgresql,BLACKBOARD_DATA_86CEF0C8178349C987653162F485EE67,CDM_MAP,COURSE,SIS_CLASS_SECTION_ID,5,NUMBER,,,,,
postgresql,BLACKBOARD_DATA_86CEF0C8178349C987653162F485EE67,CDM_LMS,INSTANCE,DESCRIPTION,4,TEXT,16777216,,,,
postgresql,BLACKBOARD_DATA_86CEF0C8178349C987653162F485EE67,CDM_LMS,GRADE,STAGE,17,OBJECT,,,,,
postgresql,BLACKBOARD_DATA_86CEF0C8178349C987653162F485EE67,CDM_LMS,SESSION_ACTIVITY,ROW_INSERTED_TIME,10,TIMESTAMP_LTZ,,,,,
postgresql,BLACKBOARD_DATA_86CEF0C8178349C987653162F485EE67,CDM_LMS,COURSE_TOOL,TOOL_SOURCE_ID,6,TEXT,16777216,,,,
